-- USERS
INSERT INTO USER (user_id,email,username,password_hash,phone_number,role,rating_avg,created_at) VALUES (1,'abdul.bookwala1@example.edu','abdul_bookwala','x','8569861234','driver',4.72,'2025-10-02T00:00:00');
INSERT INTO USER (user_id,email,username,password_hash,phone_number,role,rating_avg,created_at) VALUES (2,'quincy.lu2@example.edu','quincy_lu','x','8569862334','driver',4.67,'2025-10-09T00:00:00');
INSERT INTO USER (user_id,email,username,password_hash,phone_number,role,rating_avg,created_at) VALUES (3,'ame.shabuse3@example.edu','ame_shabuse','x','8569861334','rider',4.55,'2025-10-02T00:00:00');
INSERT INTO USER (user_id,email,username,password_hash,phone_number,role,rating_avg,created_at) VALUES (4,'ame.lu4@example.edu','ame_lu','x','8569831234','both',4.54,'2025-10-10T00:00:00');
INSERT INTO USER (user_id,email,username,password_hash,phone_number,role,rating_avg,created_at) VALUES (5,'kennan.shajid5@example.edu','kennan_shajid','x','8569861234','both',4.7,'2025-10-01T00:00:00');
INSERT INTO USER (user_id,email,username,password_hash,phone_number,role,rating_avg,created_at) VALUES (6,'maria.brown6@drexel.edu','maria.brown6','x','2152209805','driver',4.41,'2025-10-07T00:00:00');
INSERT INTO USER (user_id,email,username,password_hash,phone_number,role,rating_avg,created_at) VALUES (7,'jamal.jackson7@drexel.edu','jamal.jackson7','x','2152729295','driver',4.62,'2025-10-03T00:00:00');
INSERT INTO USER (user_id,email,username,password_hash,phone_number,role,rating_avg,created_at) VALUES (8,'alex.williams8@drexel.edu','alex.williams8','x','2153834068','rider',3.99,'2025-11-15T00:00:00');
INSERT INTO USER (user_id,email,username,password_hash,phone_number,role,rating_avg,created_at) VALUES (9,'maria.jackson9@drexel.edu','maria.jackson9','x','2155519187','rider',4.09,'2025-11-07T00:00:00');
INSERT INTO USER (user_id,email,username,password_hash,phone_number,role,rating_avg,created_at) VALUES (10,'avery.smith10@drexel.edu','avery.smith10','x','2158365337','driver',4.28,'2025-10-10T00:00:00');
INSERT INTO USER (user_id,email,username,password_hash,phone_number,role,rating_avg,created_at) VALUES (11,'casey.martinez11@drexel.edu','casey.martinez11','x','2152857401','rider',4.05,'2025-10-07T00:00:00');
INSERT INTO USER (user_id,email,username,password_hash,phone_number,role,rating_avg,created_at) VALUES (12,'charlie.anderson12@drexel.edu','charlie.anderson12','x','2157064421','rider',4.83,'2025-10-08T00:00:00');
INSERT INTO USER (user_id,email,username,password_hash,phone_number,role,rating_avg,created_at) VALUES (13,'drew.williams13@drexel.edu','drew.williams13','x','2156630852','rider',4.52,'2025-11-10T00:00:00');
INSERT INTO USER (user_id,email,username,password_hash,phone_number,role,rating_avg,created_at) VALUES (14,'elliot.anderson14@drexel.edu','elliot.anderson14','x','2156843180','rider',4.93,'2025-11-19T00:00:00');
INSERT INTO USER (user_id,email,username,password_hash,phone_number,role,rating_avg,created_at) VALUES (15,'sam.williams15@drexel.edu','sam.williams15','x','2159174925','rider',4.65,'2025-10-07T00:00:00');
INSERT INTO USER (user_id,email,username,password_hash,phone_number,role,rating_avg,created_at) VALUES (16,'drew.rodriguez16@drexel.edu','drew.rodriguez16','x','2155803481','driver',4.15,'2025-10-14T00:00:00');
INSERT INTO USER (user_id,email,username,password_hash,phone_number,role,rating_avg,created_at) VALUES (17,'jamal.rodriguez17@drexel.edu','jamal.rodriguez17','x','2157887295','both',4.69,'2025-11-11T00:00:00');
INSERT INTO USER (user_id,email,username,password_hash,phone_number,role,rating_avg,created_at) VALUES (18,'taylor.white18@drexel.edu','taylor.white18','x','2157326583','rider',4.37,'2025-10-25T00:00:00');
INSERT INTO USER (user_id,email,username,password_hash,phone_number,role,rating_avg,created_at) VALUES (19,'avery.jackson19@drexel.edu','avery.jackson19','x','2153842265','driver',4.16,'2025-11-23T00:00:00');
INSERT INTO USER (user_id,email,username,password_hash,phone_number,role,rating_avg,created_at) VALUES (20,'lina.johnson20@drexel.edu','lina.johnson20','x','2153921394','driver',4.54,'2025-10-05T00:00:00');
INSERT INTO USER (user_id,email,username,password_hash,phone_number,role,rating_avg,created_at) VALUES (21,'casey.thompson21@drexel.edu','casey.thompson21','x','2159351504','driver',4.02,'2025-10-14T00:00:00');
INSERT INTO USER (user_id,email,username,password_hash,phone_number,role,rating_avg,created_at) VALUES (22,'maria.moore22@drexel.edu','maria.moore22','x','2155318800','both',4.26,'2025-10-09T00:00:00');
INSERT INTO USER (user_id,email,username,password_hash,phone_number,role,rating_avg,created_at) VALUES (23,'jamie.jackson23@drexel.edu','jamie.jackson23','x','2156521269','rider',4.23,'2025-11-07T00:00:00');
INSERT INTO USER (user_id,email,username,password_hash,phone_number,role,rating_avg,created_at) VALUES (24,'logan.thompson24@drexel.edu','logan.thompson24','x','2155350414','rider',4.62,'2025-11-01T00:00:00');
INSERT INTO USER (user_id,email,username,password_hash,phone_number,role,rating_avg,created_at) VALUES (25,'taylor.johnson25@drexel.edu','taylor.johnson25','x','2159223454','rider',4.4,'2025-11-10T00:00:00');
INSERT INTO USER (user_id,email,username,password_hash,phone_number,role,rating_avg,created_at) VALUES (26,'riley.thomas26@drexel.edu','riley.thomas26','x','2157003041','rider',3.42,'2025-11-03T00:00:00');
INSERT INTO USER (user_id,email,username,password_hash,phone_number,role,rating_avg,created_at) VALUES (27,'avery.jackson27@drexel.edu','avery.jackson27','x','2159220743','both',5.0,'2025-11-13T00:00:00');
INSERT INTO USER (user_id,email,username,password_hash,phone_number,role,rating_avg,created_at) VALUES (28,'diego.brown28@drexel.edu','diego.brown28','x','2157718601','both',4.4,'2025-10-22T00:00:00');
INSERT INTO USER (user_id,email,username,password_hash,phone_number,role,rating_avg,created_at) VALUES (29,'morgan.wilson29@drexel.edu','morgan.wilson29','x','2155647075','rider',3.72,'2025-10-01T00:00:00');
INSERT INTO USER (user_id,email,username,password_hash,phone_number,role,rating_avg,created_at) VALUES (30,'diego.rodriguez30@drexel.edu','diego.rodriguez30','x','2156199220','driver',4.21,'2025-11-10T00:00:00');
INSERT INTO USER (user_id,email,username,password_hash,phone_number,role,rating_avg,created_at) VALUES (31,'sam.martin31@drexel.edu','sam.martin31','x','2157108412','rider',4.39,'2025-10-24T00:00:00');
INSERT INTO USER (user_id,email,username,password_hash,phone_number,role,rating_avg,created_at) VALUES (32,'lina.miller32@drexel.edu','lina.miller32','x','2156524639','both',5.0,'2025-11-08T00:00:00');
INSERT INTO USER (user_id,email,username,password_hash,phone_number,role,rating_avg,created_at) VALUES (33,'sydney.moore33@drexel.edu','sydney.moore33','x','2152163382','rider',3.98,'2025-10-24T00:00:00');
INSERT INTO USER (user_id,email,username,password_hash,phone_number,role,rating_avg,created_at) VALUES (34,'marcus.wilson34@drexel.edu','marcus.wilson34','x','2154008671','rider',5.0,'2025-10-06T00:00:00');
INSERT INTO USER (user_id,email,username,password_hash,phone_number,role,rating_avg,created_at) VALUES (35,'diego.moore35@drexel.edu','diego.moore35','x','2158845299','rider',3.73,'2025-11-18T00:00:00');
INSERT INTO USER (user_id,email,username,password_hash,phone_number,role,rating_avg,created_at) VALUES (36,'quinn.jones36@drexel.edu','quinn.jones36','x','2153077025','driver',4.63,'2025-11-03T00:00:00');
INSERT INTO USER (user_id,email,username,password_hash,phone_number,role,rating_avg,created_at) VALUES (37,'elliot.thomas37@drexel.edu','elliot.thomas37','x','2153776692','both',4.32,'2025-11-18T00:00:00');
INSERT INTO USER (user_id,email,username,password_hash,phone_number,role,rating_avg,created_at) VALUES (38,'diego.davis38@drexel.edu','diego.davis38','x','2157980649','rider',4.98,'2025-10-29T00:00:00');
INSERT INTO USER (user_id,email,username,password_hash,phone_number,role,rating_avg,created_at) VALUES (39,'blake.hernandez39@drexel.edu','blake.hernandez39','x','2153015056','rider',4.38,'2025-10-05T00:00:00');
INSERT INTO USER (user_id,email,username,password_hash,phone_number,role,rating_avg,created_at) VALUES (40,'sydney.smith40@drexel.edu','sydney.smith40','x','2156935091','driver',4.36,'2025-11-15T00:00:00');
INSERT INTO USER (user_id,email,username,password_hash,phone_number,role,rating_avg,created_at) VALUES (41,'maria.johnson41@drexel.edu','maria.johnson41','x','2153920502','rider',4.37,'2025-10-03T00:00:00');
INSERT INTO USER (user_id,email,username,password_hash,phone_number,role,rating_avg,created_at) VALUES (42,'sydney.williams42@drexel.edu','sydney.williams42','x','2156313054','rider',4.26,'2025-10-09T00:00:00');
INSERT INTO USER (user_id,email,username,password_hash,phone_number,role,rating_avg,created_at) VALUES (43,'diego.thompson43@drexel.edu','diego.thompson43','x','2156833613','driver',4.16,'2025-11-20T00:00:00');
INSERT INTO USER (user_id,email,username,password_hash,phone_number,role,rating_avg,created_at) VALUES (44,'harper.thomas44@drexel.edu','harper.thomas44','x','2153597274','rider',4.2,'2025-10-27T00:00:00');
INSERT INTO USER (user_id,email,username,password_hash,phone_number,role,rating_avg,created_at) VALUES (45,'peyton.johnson45@drexel.edu','peyton.johnson45','x','2157648591','driver',4.09,'2025-11-11T00:00:00');
INSERT INTO USER (user_id,email,username,password_hash,phone_number,role,rating_avg,created_at) VALUES (46,'morgan.johnson46@drexel.edu','morgan.johnson46','x','2155377432','driver',4.46,'2025-10-13T00:00:00');
INSERT INTO USER (user_id,email,username,password_hash,phone_number,role,rating_avg,created_at) VALUES (47,'casey.jackson47@drexel.edu','casey.jackson47','x','2155763243','rider',4.22,'2025-10-12T00:00:00');
INSERT INTO USER (user_id,email,username,password_hash,phone_number,role,rating_avg,created_at) VALUES (48,'avery.hernandez48@drexel.edu','avery.hernandez48','x','2154095528','both',5.0,'2025-11-24T00:00:00');
INSERT INTO USER (user_id,email,username,password_hash,phone_number,role,rating_avg,created_at) VALUES (49,'quinn.brown49@drexel.edu','quinn.brown49','x','2152424365','driver',4.73,'2025-11-04T00:00:00');
INSERT INTO USER (user_id,email,username,password_hash,phone_number,role,rating_avg,created_at) VALUES (50,'alex.williams50@drexel.edu','alex.williams50','x','2159770929','driver',4.43,'2025-10-31T00:00:00');
INSERT INTO USER (user_id,email,username,password_hash,phone_number,role,rating_avg,created_at) VALUES (51,'casey.taylor51@drexel.edu','casey.taylor51','x','2159570239','rider',4.81,'2025-10-25T00:00:00');
INSERT INTO USER (user_id,email,username,password_hash,phone_number,role,rating_avg,created_at) VALUES (52,'alex.taylor52@drexel.edu','alex.taylor52','x','2154224684','both',4.47,'2025-11-14T00:00:00');
INSERT INTO USER (user_id,email,username,password_hash,phone_number,role,rating_avg,created_at) VALUES (53,'diego.jackson53@drexel.edu','diego.jackson53','x','2157552178','driver',4.08,'2025-10-10T00:00:00');
INSERT INTO USER (user_id,email,username,password_hash,phone_number,role,rating_avg,created_at) VALUES (54,'casey.wilson54@drexel.edu','casey.wilson54','x','2153826207','both',3.96,'2025-11-17T00:00:00');
INSERT INTO USER (user_id,email,username,password_hash,phone_number,role,rating_avg,created_at) VALUES (55,'sydney.johnson55@drexel.edu','sydney.johnson55','x','2152420624','driver',4.16,'2025-11-02T00:00:00');
INSERT INTO USER (user_id,email,username,password_hash,phone_number,role,rating_avg,created_at) VALUES (56,'blake.miller56@drexel.edu','blake.miller56','x','2152477140','both',4.62,'2025-11-08T00:00:00');
INSERT INTO USER (user_id,email,username,password_hash,phone_number,role,rating_avg,created_at) VALUES (57,'taylor.garcia57@drexel.edu','taylor.garcia57','x','2155387114','rider',4.52,'2025-11-26T00:00:00');
INSERT INTO USER (user_id,email,username,password_hash,phone_number,role,rating_avg,created_at) VALUES (58,'rowan.garcia58@drexel.edu','rowan.garcia58','x','2156856325','driver',4.09,'2025-11-07T00:00:00');
INSERT INTO USER (user_id,email,username,password_hash,phone_number,role,rating_avg,created_at) VALUES (59,'rowan.martin59@drexel.edu','rowan.martin59','x','2154653902','both',4.12,'2025-10-14T00:00:00');
INSERT INTO USER (user_id,email,username,password_hash,phone_number,role,rating_avg,created_at) VALUES (60,'jamal.martinez60@drexel.edu','jamal.martinez60','x','2154002242','rider',4.79,'2025-10-30T00:00:00');
INSERT INTO USER (user_id,email,username,password_hash,phone_number,role,rating_avg,created_at) VALUES (61,'sydney.williams61@drexel.edu','sydney.williams61','x','2152078143','driver',4.82,'2025-11-06T00:00:00');
INSERT INTO USER (user_id,email,username,password_hash,phone_number,role,rating_avg,created_at) VALUES (62,'morgan.williams62@drexel.edu','morgan.williams62','x','2156510004','rider',4.31,'2025-11-26T00:00:00');
INSERT INTO USER (user_id,email,username,password_hash,phone_number,role,rating_avg,created_at) VALUES (63,'taylor.garcia63@drexel.edu','taylor.garcia63','x','2155099817','rider',5.0,'2025-10-29T00:00:00');
INSERT INTO USER (user_id,email,username,password_hash,phone_number,role,rating_avg,created_at) VALUES (64,'quinn.wilson64@drexel.edu','quinn.wilson64','x','2157131124','both',4.57,'2025-11-12T00:00:00');
INSERT INTO USER (user_id,email,username,password_hash,phone_number,role,rating_avg,created_at) VALUES (65,'quinn.wilson65@drexel.edu','quinn.wilson65','x','2159816136','driver',3.94,'2025-11-30T00:00:00');
INSERT INTO USER (user_id,email,username,password_hash,phone_number,role,rating_avg,created_at) VALUES (66,'cameron.rodriguez66@drexel.edu','cameron.rodriguez66','x','2152968285','both',4.39,'2025-10-19T00:00:00');
INSERT INTO USER (user_id,email,username,password_hash,phone_number,role,rating_avg,created_at) VALUES (67,'elliot.davis67@drexel.edu','elliot.davis67','x','2158019767','rider',4.17,'2025-11-13T00:00:00');
INSERT INTO USER (user_id,email,username,password_hash,phone_number,role,rating_avg,created_at) VALUES (68,'maria.rodriguez68@drexel.edu','maria.rodriguez68','x','2156239678','driver',5.0,'2025-10-06T00:00:00');
INSERT INTO USER (user_id,email,username,password_hash,phone_number,role,rating_avg,created_at) VALUES (69,'maria.thomas69@drexel.edu','maria.thomas69','x','2158957076','rider',3.97,'2025-10-01T00:00:00');
INSERT INTO USER (user_id,email,username,password_hash,phone_number,role,rating_avg,created_at) VALUES (70,'sydney.jones70@drexel.edu','sydney.jones70','x','2157344494','both',4.63,'2025-11-15T00:00:00');
INSERT INTO USER (user_id,email,username,password_hash,phone_number,role,rating_avg,created_at) VALUES (71,'logan.jackson71@drexel.edu','logan.jackson71','x','2152081115','rider',4.77,'2025-11-30T00:00:00');
INSERT INTO USER (user_id,email,username,password_hash,phone_number,role,rating_avg,created_at) VALUES (72,'priya.jones72@drexel.edu','priya.jones72','x','2156576743','rider',4.05,'2025-10-28T00:00:00');
INSERT INTO USER (user_id,email,username,password_hash,phone_number,role,rating_avg,created_at) VALUES (73,'cameron.johnson73@drexel.edu','cameron.johnson73','x','2154585858','rider',4.77,'2025-11-29T00:00:00');
INSERT INTO USER (user_id,email,username,password_hash,phone_number,role,rating_avg,created_at) VALUES (74,'marcus.johnson74@drexel.edu','marcus.johnson74','x','2159540726','rider',4.15,'2025-10-23T00:00:00');
INSERT INTO USER (user_id,email,username,password_hash,phone_number,role,rating_avg,created_at) VALUES (75,'lina.jackson75@drexel.edu','lina.jackson75','x','2159416659','both',3.86,'2025-11-09T00:00:00');
INSERT INTO USER (user_id,email,username,password_hash,phone_number,role,rating_avg,created_at) VALUES (76,'diego.jones76@drexel.edu','diego.jones76','x','2159765869','both',5.0,'2025-11-21T00:00:00');
INSERT INTO USER (user_id,email,username,password_hash,phone_number,role,rating_avg,created_at) VALUES (77,'riley.thomas77@drexel.edu','riley.thomas77','x','2152207923','rider',3.58,'2025-11-29T00:00:00');
INSERT INTO USER (user_id,email,username,password_hash,phone_number,role,rating_avg,created_at) VALUES (78,'sydney.thomas78@drexel.edu','sydney.thomas78','x','2158729636','driver',4.37,'2025-10-11T00:00:00');
INSERT INTO USER (user_id,email,username,password_hash,phone_number,role,rating_avg,created_at) VALUES (79,'marcus.brown79@drexel.edu','marcus.brown79','x','2155208992','both',4.1,'2025-11-24T00:00:00');
INSERT INTO USER (user_id,email,username,password_hash,phone_number,role,rating_avg,created_at) VALUES (80,'harper.garcia80@drexel.edu','harper.garcia80','x','2153674138','driver',4.07,'2025-11-20T00:00:00');
INSERT INTO USER (user_id,email,username,password_hash,phone_number,role,rating_avg,created_at) VALUES (81,'jamie.garcia81@drexel.edu','jamie.garcia81','x','2152198511','driver',4.48,'2025-10-26T00:00:00');
INSERT INTO USER (user_id,email,username,password_hash,phone_number,role,rating_avg,created_at) VALUES (82,'sydney.rodriguez82@drexel.edu','sydney.rodriguez82','x','2159250718','rider',4.45,'2025-11-02T00:00:00');
INSERT INTO USER (user_id,email,username,password_hash,phone_number,role,rating_avg,created_at) VALUES (83,'drew.jackson83@drexel.edu','drew.jackson83','x','2154777886','both',4.03,'2025-10-08T00:00:00');
INSERT INTO USER (user_id,email,username,password_hash,phone_number,role,rating_avg,created_at) VALUES (84,'avery.miller84@drexel.edu','avery.miller84','x','2156870339','both',4.38,'2025-10-28T00:00:00');
INSERT INTO USER (user_id,email,username,password_hash,phone_number,role,rating_avg,created_at) VALUES (85,'charlie.martinez85@drexel.edu','charlie.martinez85','x','2155660737','driver',4.59,'2025-11-02T00:00:00');
INSERT INTO USER (user_id,email,username,password_hash,phone_number,role,rating_avg,created_at) VALUES (86,'morgan.taylor86@drexel.edu','morgan.taylor86','x','2159545592','driver',4.38,'2025-10-01T00:00:00');
INSERT INTO USER (user_id,email,username,password_hash,phone_number,role,rating_avg,created_at) VALUES (87,'blake.jackson87@drexel.edu','blake.jackson87','x','2157761775','driver',5.0,'2025-11-17T00:00:00');
INSERT INTO USER (user_id,email,username,password_hash,phone_number,role,rating_avg,created_at) VALUES (88,'diego.davis88@drexel.edu','diego.davis88','x','2155055311','rider',5.0,'2025-11-09T00:00:00');
INSERT INTO USER (user_id,email,username,password_hash,phone_number,role,rating_avg,created_at) VALUES (89,'sydney.brown89@drexel.edu','sydney.brown89','x','2158037736','both',4.12,'2025-11-02T00:00:00');
INSERT INTO USER (user_id,email,username,password_hash,phone_number,role,rating_avg,created_at) VALUES (90,'sam.thomas90@drexel.edu','sam.thomas90','x','2154736220','rider',4.34,'2025-10-27T00:00:00');
INSERT INTO USER (user_id,email,username,password_hash,phone_number,role,rating_avg,created_at) VALUES (91,'jamal.taylor91@drexel.edu','jamal.taylor91','x','2157681754','driver',4.6,'2025-10-12T00:00:00');
INSERT INTO USER (user_id,email,username,password_hash,phone_number,role,rating_avg,created_at) VALUES (92,'elliot.thompson92@drexel.edu','elliot.thompson92','x','2154524550','rider',4.57,'2025-10-14T00:00:00');
INSERT INTO USER (user_id,email,username,password_hash,phone_number,role,rating_avg,created_at) VALUES (93,'logan.thompson93@drexel.edu','logan.thompson93','x','2157089046','driver',4.11,'2025-10-30T00:00:00');
INSERT INTO USER (user_id,email,username,password_hash,phone_number,role,rating_avg,created_at) VALUES (94,'peyton.hernandez94@drexel.edu','peyton.hernandez94','x','2157667572','rider',3.55,'2025-11-20T00:00:00');
INSERT INTO USER (user_id,email,username,password_hash,phone_number,role,rating_avg,created_at) VALUES (95,'diego.miller95@drexel.edu','diego.miller95','x','2157526840','rider',4.54,'2025-11-02T00:00:00');
INSERT INTO USER (user_id,email,username,password_hash,phone_number,role,rating_avg,created_at) VALUES (96,'jamal.white96@drexel.edu','jamal.white96','x','2154811762','rider',4.68,'2025-10-20T00:00:00');
INSERT INTO USER (user_id,email,username,password_hash,phone_number,role,rating_avg,created_at) VALUES (97,'jamie.davis97@drexel.edu','jamie.davis97','x','2153236094','rider',4.31,'2025-10-16T00:00:00');
INSERT INTO USER (user_id,email,username,password_hash,phone_number,role,rating_avg,created_at) VALUES (98,'harper.white98@drexel.edu','harper.white98','x','2159128116','driver',3.6,'2025-11-06T00:00:00');
INSERT INTO USER (user_id,email,username,password_hash,phone_number,role,rating_avg,created_at) VALUES (99,'casey.taylor99@drexel.edu','casey.taylor99','x','2156147136','rider',4.63,'2025-10-10T00:00:00');
INSERT INTO USER (user_id,email,username,password_hash,phone_number,role,rating_avg,created_at) VALUES (100,'maria.smith100@drexel.edu','maria.smith100','x','2159488173','driver',4.42,'2025-10-28T00:00:00');
INSERT INTO USER (user_id,email,username,password_hash,phone_number,role,rating_avg,created_at) VALUES (101,'jamie.miller101@drexel.edu','jamie.miller101','x','2158745362','both',4.21,'2025-11-03T00:00:00');
INSERT INTO USER (user_id,email,username,password_hash,phone_number,role,rating_avg,created_at) VALUES (102,'peyton.johnson102@drexel.edu','peyton.johnson102','x','2156675858','rider',4.66,'2025-11-21T00:00:00');
INSERT INTO USER (user_id,email,username,password_hash,phone_number,role,rating_avg,created_at) VALUES (103,'peyton.martin103@drexel.edu','peyton.martin103','x','2156688605','driver',4.04,'2025-11-30T00:00:00');
INSERT INTO USER (user_id,email,username,password_hash,phone_number,role,rating_avg,created_at) VALUES (104,'lina.hernandez104@drexel.edu','lina.hernandez104','x','2157139300','driver',4.73,'2025-11-28T00:00:00');
INSERT INTO USER (user_id,email,username,password_hash,phone_number,role,rating_avg,created_at) VALUES (105,'quinn.hernandez105@drexel.edu','quinn.hernandez105','x','2159526327','rider',4.14,'2025-11-25T00:00:00');

-- VEHICLE
INSERT INTO VEHICLE (vehicle_id,owner_user_id,make,model,color,plate,seats_total,year,fun_fact) VALUES (1,2,'Tesla','Model Y','Blue','NJ-7909',7,2025,'n/a');
INSERT INTO VEHICLE (vehicle_id,owner_user_id,make,model,color,plate,seats_total,year,fun_fact) VALUES (2,5,'Tesla','Model 3','Gray','NJ-6737',5,2024,'n/a');
INSERT INTO VEHICLE (vehicle_id,owner_user_id,make,model,color,plate,seats_total,year,fun_fact) VALUES (3,6,'Toyota','Camry','Silver','NJ-8767',4,2015,'n/a');
INSERT INTO VEHICLE (vehicle_id,owner_user_id,make,model,color,plate,seats_total,year,fun_fact) VALUES (4,8,'Chevrolet','Malibu','Red','NJ-8301',5,2021,'n/a');
INSERT INTO VEHICLE (vehicle_id,owner_user_id,make,model,color,plate,seats_total,year,fun_fact) VALUES (5,9,'Toyota','Camry','Blue','NJ-6823',4,2024,'n/a');
INSERT INTO VEHICLE (vehicle_id,owner_user_id,make,model,color,plate,seats_total,year,fun_fact) VALUES (6,14,'Honda','Civic','White','NJ-7519',5,2022,'n/a');
INSERT INTO VEHICLE (vehicle_id,owner_user_id,make,model,color,plate,seats_total,year,fun_fact) VALUES (7,76,'Toyota','Camry','Gray','NJ-1007',5,2014,'garage kept');
INSERT INTO VEHICLE (vehicle_id,owner_user_id,make,model,color,plate,seats_total,year,fun_fact) VALUES (8,30,'Toyota','Camry','Black','NJ-1008',5,2020,'student vehicle');
INSERT INTO VEHICLE (vehicle_id,owner_user_id,make,model,color,plate,seats_total,year,fun_fact) VALUES (9,61,'Hyundai','Elantra','White','NJ-1009',5,2018,'garage kept');
INSERT INTO VEHICLE (vehicle_id,owner_user_id,make,model,color,plate,seats_total,year,fun_fact) VALUES (10,43,'Honda','Civic','Gold','NJ-1010',4,2011,'rideshare-ready');
INSERT INTO VEHICLE (vehicle_id,owner_user_id,make,model,color,plate,seats_total,year,fun_fact) VALUES (11,37,'Honda','Civic','Blue','NJ-1011',4,2017,'student vehicle');
INSERT INTO VEHICLE (vehicle_id,owner_user_id,make,model,color,plate,seats_total,year,fun_fact) VALUES (12,104,'Toyota','Camry','Silver','NJ-1012',4,2014,'garage kept');
INSERT INTO VEHICLE (vehicle_id,owner_user_id,make,model,color,plate,seats_total,year,fun_fact) VALUES (13,84,'Honda','Civic','Red','NJ-1013',5,2018,'rideshare-ready');
INSERT INTO VEHICLE (vehicle_id,owner_user_id,make,model,color,plate,seats_total,year,fun_fact) VALUES (14,28,'Honda','Civic','Silver','NJ-1014',5,2013,'n/a');
INSERT INTO VEHICLE (vehicle_id,owner_user_id,make,model,color,plate,seats_total,year,fun_fact) VALUES (15,48,'Ford','Focus','Green','NJ-1015',4,2012,'student vehicle');
INSERT INTO VEHICLE (vehicle_id,owner_user_id,make,model,color,plate,seats_total,year,fun_fact) VALUES (16,20,'Chevrolet','Malibu','Gray','NJ-1016',6,2011,'rideshare-ready');
INSERT INTO VEHICLE (vehicle_id,owner_user_id,make,model,color,plate,seats_total,year,fun_fact) VALUES (17,70,'Ford','Focus','White','NJ-1017',4,2020,'n/a');
INSERT INTO VEHICLE (vehicle_id,owner_user_id,make,model,color,plate,seats_total,year,fun_fact) VALUES (18,56,'Nissan','Altima','Gray','NJ-1018',5,2021,'garage kept');
INSERT INTO VEHICLE (vehicle_id,owner_user_id,make,model,color,plate,seats_total,year,fun_fact) VALUES (19,87,'Tesla','Model 3','Green','NJ-1019',4,2018,'garage kept');
INSERT INTO VEHICLE (vehicle_id,owner_user_id,make,model,color,plate,seats_total,year,fun_fact) VALUES (20,61,'Ford','Focus','Black','NJ-1020',5,2017,'n/a');
INSERT INTO VEHICLE (vehicle_id,owner_user_id,make,model,color,plate,seats_total,year,fun_fact) VALUES (21,45,'Nissan','Altima','Red','NJ-1021',5,2022,'rideshare-ready');
INSERT INTO VEHICLE (vehicle_id,owner_user_id,make,model,color,plate,seats_total,year,fun_fact) VALUES (22,7,'Nissan','Altima','White','NJ-1022',4,2025,'student vehicle');
INSERT INTO VEHICLE (vehicle_id,owner_user_id,make,model,color,plate,seats_total,year,fun_fact) VALUES (23,52,'Chevrolet','Malibu','White','NJ-1023',5,2018,'n/a');
INSERT INTO VEHICLE (vehicle_id,owner_user_id,make,model,color,plate,seats_total,year,fun_fact) VALUES (24,68,'Tesla','Model Y','Gray','NJ-1024',4,2023,'garage kept');
INSERT INTO VEHICLE (vehicle_id,owner_user_id,make,model,color,plate,seats_total,year,fun_fact) VALUES (25,75,'Tesla','Model Y','Gold','NJ-1025',5,2024,'n/a');
INSERT INTO VEHICLE (vehicle_id,owner_user_id,make,model,color,plate,seats_total,year,fun_fact) VALUES (26,19,'Chevrolet','Malibu','Red','NJ-1026',5,2017,'rideshare-ready');
INSERT INTO VEHICLE (vehicle_id,owner_user_id,make,model,color,plate,seats_total,year,fun_fact) VALUES (27,84,'Hyundai','Elantra','Gold','NJ-1027',6,2021,'garage kept');
INSERT INTO VEHICLE (vehicle_id,owner_user_id,make,model,color,plate,seats_total,year,fun_fact) VALUES (28,91,'Hyundai','Elantra','White','NJ-1028',5,2018,'rideshare-ready');
INSERT INTO VEHICLE (vehicle_id,owner_user_id,make,model,color,plate,seats_total,year,fun_fact) VALUES (29,43,'Tesla','Model Y','Gray','NJ-1029',4,2020,'n/a');
INSERT INTO VEHICLE (vehicle_id,owner_user_id,make,model,color,plate,seats_total,year,fun_fact) VALUES (30,91,'Tesla','Model 3','Red','NJ-1030',4,2025,'rideshare-ready');
INSERT INTO VEHICLE (vehicle_id,owner_user_id,make,model,color,plate,seats_total,year,fun_fact) VALUES (31,89,'Chevrolet','Malibu','Gray','NJ-1031',4,2019,'student vehicle');
INSERT INTO VEHICLE (vehicle_id,owner_user_id,make,model,color,plate,seats_total,year,fun_fact) VALUES (32,53,'Tesla','Model 3','Black','NJ-1032',4,2014,'rideshare-ready');
INSERT INTO VEHICLE (vehicle_id,owner_user_id,make,model,color,plate,seats_total,year,fun_fact) VALUES (33,10,'Toyota','Camry','Maroon','NJ-1033',5,2014,'garage kept');
INSERT INTO VEHICLE (vehicle_id,owner_user_id,make,model,color,plate,seats_total,year,fun_fact) VALUES (34,20,'Toyota','Camry','Black','NJ-1034',5,2025,'garage kept');
INSERT INTO VEHICLE (vehicle_id,owner_user_id,make,model,color,plate,seats_total,year,fun_fact) VALUES (35,50,'Tesla','Model 3','Blue','NJ-1035',5,2025,'n/a');
INSERT INTO VEHICLE (vehicle_id,owner_user_id,make,model,color,plate,seats_total,year,fun_fact) VALUES (36,103,'Honda','Civic','Green','NJ-1036',5,2012,'n/a');
INSERT INTO VEHICLE (vehicle_id,owner_user_id,make,model,color,plate,seats_total,year,fun_fact) VALUES (37,27,'Tesla','Model 3','Black','NJ-1037',4,2017,'n/a');
INSERT INTO VEHICLE (vehicle_id,owner_user_id,make,model,color,plate,seats_total,year,fun_fact) VALUES (38,75,'Ford','Focus','Red','NJ-1038',6,2022,'garage kept');
INSERT INTO VEHICLE (vehicle_id,owner_user_id,make,model,color,plate,seats_total,year,fun_fact) VALUES (39,59,'Chevrolet','Malibu','Green','NJ-1039',5,2011,'n/a');
INSERT INTO VEHICLE (vehicle_id,owner_user_id,make,model,color,plate,seats_total,year,fun_fact) VALUES (40,93,'Tesla','Model Y','Red','NJ-1040',5,2012,'student vehicle');
INSERT INTO VEHICLE (vehicle_id,owner_user_id,make,model,color,plate,seats_total,year,fun_fact) VALUES (41,40,'Tesla','Model 3','Maroon','NJ-1041',4,2015,'n/a');
INSERT INTO VEHICLE (vehicle_id,owner_user_id,make,model,color,plate,seats_total,year,fun_fact) VALUES (42,56,'Nissan','Altima','Gold','NJ-1042',5,2011,'student vehicle');
INSERT INTO VEHICLE (vehicle_id,owner_user_id,make,model,color,plate,seats_total,year,fun_fact) VALUES (43,46,'Chevrolet','Malibu','Gold','NJ-1043',4,2017,'rideshare-ready');
INSERT INTO VEHICLE (vehicle_id,owner_user_id,make,model,color,plate,seats_total,year,fun_fact) VALUES (44,100,'Tesla','Model Y','Green','NJ-1044',4,2017,'student vehicle');
INSERT INTO VEHICLE (vehicle_id,owner_user_id,make,model,color,plate,seats_total,year,fun_fact) VALUES (45,45,'Tesla','Model 3','Gray','NJ-1045',4,2015,'rideshare-ready');
INSERT INTO VEHICLE (vehicle_id,owner_user_id,make,model,color,plate,seats_total,year,fun_fact) VALUES (46,79,'Chevrolet','Malibu','Gold','NJ-1046',4,2024,'rideshare-ready');
INSERT INTO VEHICLE (vehicle_id,owner_user_id,make,model,color,plate,seats_total,year,fun_fact) VALUES (47,86,'Ford','Focus','Black','NJ-1047',6,2025,'garage kept');
INSERT INTO VEHICLE (vehicle_id,owner_user_id,make,model,color,plate,seats_total,year,fun_fact) VALUES (48,19,'Toyota','Camry','Green','NJ-1048',5,2018,'n/a');
INSERT INTO VEHICLE (vehicle_id,owner_user_id,make,model,color,plate,seats_total,year,fun_fact) VALUES (49,19,'Tesla','Model Y','Blue','NJ-1049',5,2011,'student vehicle');
INSERT INTO VEHICLE (vehicle_id,owner_user_id,make,model,color,plate,seats_total,year,fun_fact) VALUES (50,64,'Nissan','Altima','Black','NJ-1050',4,2023,'garage kept');
INSERT INTO VEHICLE (vehicle_id,owner_user_id,make,model,color,plate,seats_total,year,fun_fact) VALUES (51,19,'Nissan','Altima','White','NJ-1051',5,2020,'rideshare-ready');
INSERT INTO VEHICLE (vehicle_id,owner_user_id,make,model,color,plate,seats_total,year,fun_fact) VALUES (52,84,'Honda','Civic','Silver','NJ-1052',5,2023,'garage kept');
INSERT INTO VEHICLE (vehicle_id,owner_user_id,make,model,color,plate,seats_total,year,fun_fact) VALUES (53,46,'Ford','Focus','Maroon','NJ-1053',4,2024,'n/a');
INSERT INTO VEHICLE (vehicle_id,owner_user_id,make,model,color,plate,seats_total,year,fun_fact) VALUES (54,49,'Chevrolet','Malibu','White','NJ-1054',4,2022,'n/a');
INSERT INTO VEHICLE (vehicle_id,owner_user_id,make,model,color,plate,seats_total,year,fun_fact) VALUES (55,84,'Nissan','Altima','Green','NJ-1055',4,2016,'rideshare-ready');
INSERT INTO VEHICLE (vehicle_id,owner_user_id,make,model,color,plate,seats_total,year,fun_fact) VALUES (56,80,'Nissan','Altima','Gold','NJ-1056',4,2016,'rideshare-ready');
INSERT INTO VEHICLE (vehicle_id,owner_user_id,make,model,color,plate,seats_total,year,fun_fact) VALUES (57,75,'Tesla','Model 3','Black','NJ-1057',5,2025,'n/a');
INSERT INTO VEHICLE (vehicle_id,owner_user_id,make,model,color,plate,seats_total,year,fun_fact) VALUES (58,7,'Tesla','Model Y','Silver','NJ-1058',5,2010,'garage kept');
INSERT INTO VEHICLE (vehicle_id,owner_user_id,make,model,color,plate,seats_total,year,fun_fact) VALUES (59,19,'Tesla','Model Y','Gray','NJ-1059',5,2013,'student vehicle');
INSERT INTO VEHICLE (vehicle_id,owner_user_id,make,model,color,plate,seats_total,year,fun_fact) VALUES (60,65,'Chevrolet','Malibu','Maroon','NJ-1060',5,2023,'garage kept');
INSERT INTO VEHICLE (vehicle_id,owner_user_id,make,model,color,plate,seats_total,year,fun_fact) VALUES (61,64,'Tesla','Model Y','Gold','NJ-1061',6,2014,'garage kept');
INSERT INTO VEHICLE (vehicle_id,owner_user_id,make,model,color,plate,seats_total,year,fun_fact) VALUES (62,32,'Tesla','Model 3','Gray','NJ-1062',5,2023,'rideshare-ready');
INSERT INTO VEHICLE (vehicle_id,owner_user_id,make,model,color,plate,seats_total,year,fun_fact) VALUES (63,100,'Chevrolet','Malibu','Blue','NJ-1063',5,2019,'garage kept');
INSERT INTO VEHICLE (vehicle_id,owner_user_id,make,model,color,plate,seats_total,year,fun_fact) VALUES (64,27,'Nissan','Altima','Maroon','NJ-1064',5,2021,'rideshare-ready');
INSERT INTO VEHICLE (vehicle_id,owner_user_id,make,model,color,plate,seats_total,year,fun_fact) VALUES (65,75,'Ford','Focus','Gold','NJ-1065',5,2016,'student vehicle');
INSERT INTO VEHICLE (vehicle_id,owner_user_id,make,model,color,plate,seats_total,year,fun_fact) VALUES (66,76,'Ford','Focus','Red','NJ-1066',5,2011,'rideshare-ready');
INSERT INTO VEHICLE (vehicle_id,owner_user_id,make,model,color,plate,seats_total,year,fun_fact) VALUES (67,91,'Nissan','Altima','Green','NJ-1067',5,2014,'garage kept');
INSERT INTO VEHICLE (vehicle_id,owner_user_id,make,model,color,plate,seats_total,year,fun_fact) VALUES (68,10,'Tesla','Model 3','Maroon','NJ-1068',6,2020,'n/a');
INSERT INTO VEHICLE (vehicle_id,owner_user_id,make,model,color,plate,seats_total,year,fun_fact) VALUES (69,59,'Honda','Civic','Maroon','NJ-1069',5,2010,'student vehicle');
INSERT INTO VEHICLE (vehicle_id,owner_user_id,make,model,color,plate,seats_total,year,fun_fact) VALUES (70,56,'Tesla','Model 3','Gray','NJ-1070',5,2018,'rideshare-ready');
INSERT INTO VEHICLE (vehicle_id,owner_user_id,make,model,color,plate,seats_total,year,fun_fact) VALUES (71,80,'Ford','Focus','Gray','NJ-1071',5,2022,'rideshare-ready');
INSERT INTO VEHICLE (vehicle_id,owner_user_id,make,model,color,plate,seats_total,year,fun_fact) VALUES (72,81,'Nissan','Altima','Maroon','NJ-1072',4,2012,'student vehicle');
INSERT INTO VEHICLE (vehicle_id,owner_user_id,make,model,color,plate,seats_total,year,fun_fact) VALUES (73,81,'Chevrolet','Malibu','Red','NJ-1073',4,2023,'n/a');
INSERT INTO VEHICLE (vehicle_id,owner_user_id,make,model,color,plate,seats_total,year,fun_fact) VALUES (74,93,'Honda','Civic','Gold','NJ-1074',4,2019,'n/a');
INSERT INTO VEHICLE (vehicle_id,owner_user_id,make,model,color,plate,seats_total,year,fun_fact) VALUES (75,10,'Hyundai','Elantra','Blue','NJ-1075',5,2021,'rideshare-ready');
INSERT INTO VEHICLE (vehicle_id,owner_user_id,make,model,color,plate,seats_total,year,fun_fact) VALUES (76,58,'Tesla','Model 3','Red','NJ-1076',6,2023,'student vehicle');
INSERT INTO VEHICLE (vehicle_id,owner_user_id,make,model,color,plate,seats_total,year,fun_fact) VALUES (77,28,'Tesla','Model 3','Gray','NJ-1077',6,2022,'student vehicle');
INSERT INTO VEHICLE (vehicle_id,owner_user_id,make,model,color,plate,seats_total,year,fun_fact) VALUES (78,65,'Tesla','Model 3','Red','NJ-1078',5,2018,'garage kept');
INSERT INTO VEHICLE (vehicle_id,owner_user_id,make,model,color,plate,seats_total,year,fun_fact) VALUES (79,43,'Toyota','Camry','Gold','NJ-1079',5,2015,'n/a');
INSERT INTO VEHICLE (vehicle_id,owner_user_id,make,model,color,plate,seats_total,year,fun_fact) VALUES (80,59,'Hyundai','Elantra','Black','NJ-1080',5,2018,'garage kept');
INSERT INTO VEHICLE (vehicle_id,owner_user_id,make,model,color,plate,seats_total,year,fun_fact) VALUES (81,48,'Tesla','Model Y','Green','NJ-1081',5,2013,'student vehicle');
INSERT INTO VEHICLE (vehicle_id,owner_user_id,make,model,color,plate,seats_total,year,fun_fact) VALUES (82,54,'Hyundai','Elantra','Black','NJ-1082',5,2010,'garage kept');
INSERT INTO VEHICLE (vehicle_id,owner_user_id,make,model,color,plate,seats_total,year,fun_fact) VALUES (83,45,'Toyota','Camry','Blue','NJ-1083',6,2025,'rideshare-ready');
INSERT INTO VEHICLE (vehicle_id,owner_user_id,make,model,color,plate,seats_total,year,fun_fact) VALUES (84,98,'Tesla','Model Y','White','NJ-1084',4,2016,'rideshare-ready');
INSERT INTO VEHICLE (vehicle_id,owner_user_id,make,model,color,plate,seats_total,year,fun_fact) VALUES (85,85,'Tesla','Model 3','Gray','NJ-1085',4,2019,'garage kept');
INSERT INTO VEHICLE (vehicle_id,owner_user_id,make,model,color,plate,seats_total,year,fun_fact) VALUES (86,10,'Hyundai','Elantra','Silver','NJ-1086',4,2019,'rideshare-ready');
INSERT INTO VEHICLE (vehicle_id,owner_user_id,make,model,color,plate,seats_total,year,fun_fact) VALUES (87,91,'Ford','Focus','Silver','NJ-1087',4,2014,'rideshare-ready');
INSERT INTO VEHICLE (vehicle_id,owner_user_id,make,model,color,plate,seats_total,year,fun_fact) VALUES (88,68,'Chevrolet','Malibu','Silver','NJ-1088',5,2025,'rideshare-ready');
INSERT INTO VEHICLE (vehicle_id,owner_user_id,make,model,color,plate,seats_total,year,fun_fact) VALUES (89,91,'Hyundai','Elantra','Gray','NJ-1089',5,2012,'student vehicle');
INSERT INTO VEHICLE (vehicle_id,owner_user_id,make,model,color,plate,seats_total,year,fun_fact) VALUES (90,93,'Tesla','Model Y','Green','NJ-1090',6,2021,'n/a');
INSERT INTO VEHICLE (vehicle_id,owner_user_id,make,model,color,plate,seats_total,year,fun_fact) VALUES (91,100,'Ford','Focus','Blue','NJ-1091',5,2013,'garage kept');
INSERT INTO VEHICLE (vehicle_id,owner_user_id,make,model,color,plate,seats_total,year,fun_fact) VALUES (92,53,'Chevrolet','Malibu','Green','NJ-1092',5,2013,'student vehicle');
INSERT INTO VEHICLE (vehicle_id,owner_user_id,make,model,color,plate,seats_total,year,fun_fact) VALUES (93,64,'Toyota','Camry','Maroon','NJ-1093',5,2017,'n/a');
INSERT INTO VEHICLE (vehicle_id,owner_user_id,make,model,color,plate,seats_total,year,fun_fact) VALUES (94,81,'Nissan','Altima','Black','NJ-1094',5,2013,'student vehicle');
INSERT INTO VEHICLE (vehicle_id,owner_user_id,make,model,color,plate,seats_total,year,fun_fact) VALUES (95,10,'Toyota','Camry','Black','NJ-1095',5,2013,'n/a');
INSERT INTO VEHICLE (vehicle_id,owner_user_id,make,model,color,plate,seats_total,year,fun_fact) VALUES (96,40,'Tesla','Model 3','Green','NJ-1096',5,2021,'garage kept');
INSERT INTO VEHICLE (vehicle_id,owner_user_id,make,model,color,plate,seats_total,year,fun_fact) VALUES (97,78,'Tesla','Model 3','Green','NJ-1097',4,2025,'garage kept');
INSERT INTO VEHICLE (vehicle_id,owner_user_id,make,model,color,plate,seats_total,year,fun_fact) VALUES (98,45,'Toyota','Camry','White','NJ-1098',4,2024,'garage kept');
INSERT INTO VEHICLE (vehicle_id,owner_user_id,make,model,color,plate,seats_total,year,fun_fact) VALUES (99,40,'Hyundai','Elantra','Gray','NJ-1099',5,2021,'n/a');
INSERT INTO VEHICLE (vehicle_id,owner_user_id,make,model,color,plate,seats_total,year,fun_fact) VALUES (100,55,'Chevrolet','Malibu','Red','NJ-1100',4,2024,'n/a');
INSERT INTO VEHICLE (vehicle_id,owner_user_id,make,model,color,plate,seats_total,year,fun_fact) VALUES (101,84,'Tesla','Model Y','Blue','NJ-1101',4,2020,'student vehicle');
INSERT INTO VEHICLE (vehicle_id,owner_user_id,make,model,color,plate,seats_total,year,fun_fact) VALUES (102,22,'Tesla','Model Y','Gray','NJ-1102',6,2016,'student vehicle');
INSERT INTO VEHICLE (vehicle_id,owner_user_id,make,model,color,plate,seats_total,year,fun_fact) VALUES (103,103,'Tesla','Model Y','White','NJ-1103',4,2010,'rideshare-ready');
INSERT INTO VEHICLE (vehicle_id,owner_user_id,make,model,color,plate,seats_total,year,fun_fact) VALUES (104,27,'Tesla','Model 3','Maroon','NJ-1104',5,2015,'n/a');
INSERT INTO VEHICLE (vehicle_id,owner_user_id,make,model,color,plate,seats_total,year,fun_fact) VALUES (105,84,'Toyota','Camry','Silver','NJ-1105',4,2021,'student vehicle');
INSERT INTO VEHICLE (vehicle_id,owner_user_id,make,model,color,plate,seats_total,year,fun_fact) VALUES (106,78,'Hyundai','Elantra','Blue','NJ-1106',4,2018,'n/a');

-- LOCATION
INSERT INTO LOCATION (location_id,name,address) VALUES (1,'Drexel Main Building','3141 Chestnut St');
INSERT INTO LOCATION (location_id,name,address) VALUES (2,'Korman Center','3220-26 Woodland Walk');
INSERT INTO LOCATION (location_id,name,address) VALUES (3,'University Crossings','3175 JFK Blvd');
INSERT INTO LOCATION (location_id,name,address) VALUES (4,'30th Street Station','2955 Market St');
INSERT INTO LOCATION (location_id,name,address) VALUES (5,'Queen Lane Campus','2900 Queen Ln');
INSERT INTO LOCATION (location_id,name,address) VALUES (6,'Vidas Athletic Complex','43rd & Powelton');
INSERT INTO LOCATION (location_id,name,address) VALUES (7,'Cira Green','129 S 30th St');
INSERT INTO LOCATION (location_id,name,address) VALUES (8,'Wawa 34th Market','3400 Market St');
INSERT INTO LOCATION (location_id,name,address) VALUES (9,'Philly Point 9','2044 Market St');
INSERT INTO LOCATION (location_id,name,address) VALUES (10,'Philly Point 10','1943 Market St');
INSERT INTO LOCATION (location_id,name,address) VALUES (11,'Philly Point 11','1161 Market St');
INSERT INTO LOCATION (location_id,name,address) VALUES (12,'Philly Point 12','3179 Market St');
INSERT INTO LOCATION (location_id,name,address) VALUES (13,'Philly Point 13','1112 Market St');
INSERT INTO LOCATION (location_id,name,address) VALUES (14,'Philly Point 14','3540 Market St');
INSERT INTO LOCATION (location_id,name,address) VALUES (15,'Philly Point 15','2711 Market St');
INSERT INTO LOCATION (location_id,name,address) VALUES (16,'Philly Point 16','1235 Market St');
INSERT INTO LOCATION (location_id,name,address) VALUES (17,'Philly Point 17','3236 Market St');
INSERT INTO LOCATION (location_id,name,address) VALUES (18,'Philly Point 18','3285 Market St');
INSERT INTO LOCATION (location_id,name,address) VALUES (19,'Philly Point 19','2235 Market St');
INSERT INTO LOCATION (location_id,name,address) VALUES (20,'Philly Point 20','2084 Market St');
INSERT INTO LOCATION (location_id,name,address) VALUES (21,'Philly Point 21','2667 Market St');
INSERT INTO LOCATION (location_id,name,address) VALUES (22,'Philly Point 22','1079 Market St');
INSERT INTO LOCATION (location_id,name,address) VALUES (23,'Philly Point 23','1224 Market St');
INSERT INTO LOCATION (location_id,name,address) VALUES (24,'Philly Point 24','1901 Market St');
INSERT INTO LOCATION (location_id,name,address) VALUES (25,'Philly Point 25','417 Market St');
INSERT INTO LOCATION (location_id,name,address) VALUES (26,'Philly Point 26','3022 Market St');
INSERT INTO LOCATION (location_id,name,address) VALUES (27,'Philly Point 27','1270 Market St');
INSERT INTO LOCATION (location_id,name,address) VALUES (28,'Philly Point 28','1060 Market St');
INSERT INTO LOCATION (location_id,name,address) VALUES (29,'Philly Point 29','1212 Market St');
INSERT INTO LOCATION (location_id,name,address) VALUES (30,'Philly Point 30','1475 Market St');
INSERT INTO LOCATION (location_id,name,address) VALUES (31,'Philly Point 31','1409 Market St');
INSERT INTO LOCATION (location_id,name,address) VALUES (32,'Philly Point 32','3757 Market St');
INSERT INTO LOCATION (location_id,name,address) VALUES (33,'Philly Point 33','2312 Market St');
INSERT INTO LOCATION (location_id,name,address) VALUES (34,'Philly Point 34','430 Market St');
INSERT INTO LOCATION (location_id,name,address) VALUES (35,'Philly Point 35','666 Market St');
INSERT INTO LOCATION (location_id,name,address) VALUES (36,'Philly Point 36','717 Market St');
INSERT INTO LOCATION (location_id,name,address) VALUES (37,'Philly Point 37','1047 Market St');
INSERT INTO LOCATION (location_id,name,address) VALUES (38,'Philly Point 38','1668 Market St');
INSERT INTO LOCATION (location_id,name,address) VALUES (39,'Philly Point 39','2942 Market St');
INSERT INTO LOCATION (location_id,name,address) VALUES (40,'Philly Point 40','725 Market St');
INSERT INTO LOCATION (location_id,name,address) VALUES (41,'Philly Point 41','2993 Market St');
INSERT INTO LOCATION (location_id,name,address) VALUES (42,'Philly Point 42','976 Market St');
INSERT INTO LOCATION (location_id,name,address) VALUES (43,'Philly Point 43','363 Market St');
INSERT INTO LOCATION (location_id,name,address) VALUES (44,'Philly Point 44','1799 Market St');
INSERT INTO LOCATION (location_id,name,address) VALUES (45,'Philly Point 45','1769 Market St');
INSERT INTO LOCATION (location_id,name,address) VALUES (46,'Philly Point 46','1455 Market St');
INSERT INTO LOCATION (location_id,name,address) VALUES (47,'Philly Point 47','2322 Market St');
INSERT INTO LOCATION (location_id,name,address) VALUES (48,'Philly Point 48','2008 Market St');
INSERT INTO LOCATION (location_id,name,address) VALUES (49,'Philly Point 49','1803 Market St');
INSERT INTO LOCATION (location_id,name,address) VALUES (50,'Philly Point 50','355 Market St');
INSERT INTO LOCATION (location_id,name,address) VALUES (51,'Philly Point 51','947 Market St');
INSERT INTO LOCATION (location_id,name,address) VALUES (52,'Philly Point 52','3511 Market St');
INSERT INTO LOCATION (location_id,name,address) VALUES (53,'Philly Point 53','1820 Market St');
INSERT INTO LOCATION (location_id,name,address) VALUES (54,'Philly Point 54','1695 Market St');
INSERT INTO LOCATION (location_id,name,address) VALUES (55,'Philly Point 55','3806 Market St');
INSERT INTO LOCATION (location_id,name,address) VALUES (56,'Philly Point 56','3253 Market St');
INSERT INTO LOCATION (location_id,name,address) VALUES (57,'Philly Point 57','2492 Market St');
INSERT INTO LOCATION (location_id,name,address) VALUES (58,'Philly Point 58','3975 Market St');
INSERT INTO LOCATION (location_id,name,address) VALUES (59,'Philly Point 59','2948 Market St');
INSERT INTO LOCATION (location_id,name,address) VALUES (60,'Philly Point 60','180 Market St');
INSERT INTO LOCATION (location_id,name,address) VALUES (61,'Philly Point 61','3609 Market St');
INSERT INTO LOCATION (location_id,name,address) VALUES (62,'Philly Point 62','3707 Market St');
INSERT INTO LOCATION (location_id,name,address) VALUES (63,'Philly Point 63','3235 Market St');
INSERT INTO LOCATION (location_id,name,address) VALUES (64,'Philly Point 64','2458 Market St');
INSERT INTO LOCATION (location_id,name,address) VALUES (65,'Philly Point 65','1658 Market St');
INSERT INTO LOCATION (location_id,name,address) VALUES (66,'Philly Point 66','2053 Market St');
INSERT INTO LOCATION (location_id,name,address) VALUES (67,'Philly Point 67','124 Market St');
INSERT INTO LOCATION (location_id,name,address) VALUES (68,'Philly Point 68','3961 Market St');
INSERT INTO LOCATION (location_id,name,address) VALUES (69,'Philly Point 69','1540 Market St');
INSERT INTO LOCATION (location_id,name,address) VALUES (70,'Philly Point 70','1323 Market St');
INSERT INTO LOCATION (location_id,name,address) VALUES (71,'Philly Point 71','3186 Market St');
INSERT INTO LOCATION (location_id,name,address) VALUES (72,'Philly Point 72','1697 Market St');
INSERT INTO LOCATION (location_id,name,address) VALUES (73,'Philly Point 73','3595 Market St');
INSERT INTO LOCATION (location_id,name,address) VALUES (74,'Philly Point 74','3752 Market St');
INSERT INTO LOCATION (location_id,name,address) VALUES (75,'Philly Point 75','3523 Market St');
INSERT INTO LOCATION (location_id,name,address) VALUES (76,'Philly Point 76','1816 Market St');
INSERT INTO LOCATION (location_id,name,address) VALUES (77,'Philly Point 77','2304 Market St');
INSERT INTO LOCATION (location_id,name,address) VALUES (78,'Philly Point 78','3161 Market St');
INSERT INTO LOCATION (location_id,name,address) VALUES (79,'Philly Point 79','3109 Market St');
INSERT INTO LOCATION (location_id,name,address) VALUES (80,'Philly Point 80','2336 Market St');
INSERT INTO LOCATION (location_id,name,address) VALUES (81,'Philly Point 81','3376 Market St');
INSERT INTO LOCATION (location_id,name,address) VALUES (82,'Philly Point 82','2570 Market St');
INSERT INTO LOCATION (location_id,name,address) VALUES (83,'Philly Point 83','3777 Market St');
INSERT INTO LOCATION (location_id,name,address) VALUES (84,'Philly Point 84','1003 Market St');
INSERT INTO LOCATION (location_id,name,address) VALUES (85,'Philly Point 85','2099 Market St');
INSERT INTO LOCATION (location_id,name,address) VALUES (86,'Philly Point 86','998 Market St');
INSERT INTO LOCATION (location_id,name,address) VALUES (87,'Philly Point 87','1217 Market St');
INSERT INTO LOCATION (location_id,name,address) VALUES (88,'Philly Point 88','1885 Market St');
INSERT INTO LOCATION (location_id,name,address) VALUES (89,'Philly Point 89','2089 Market St');
INSERT INTO LOCATION (location_id,name,address) VALUES (90,'Philly Point 90','218 Market St');
INSERT INTO LOCATION (location_id,name,address) VALUES (91,'Philly Point 91','1692 Market St');
INSERT INTO LOCATION (location_id,name,address) VALUES (92,'Philly Point 92','1476 Market St');
INSERT INTO LOCATION (location_id,name,address) VALUES (93,'Philly Point 93','2839 Market St');
INSERT INTO LOCATION (location_id,name,address) VALUES (94,'Philly Point 94','2881 Market St');
INSERT INTO LOCATION (location_id,name,address) VALUES (95,'Philly Point 95','3369 Market St');
INSERT INTO LOCATION (location_id,name,address) VALUES (96,'Philly Point 96','1756 Market St');
INSERT INTO LOCATION (location_id,name,address) VALUES (97,'Philly Point 97','3066 Market St');
INSERT INTO LOCATION (location_id,name,address) VALUES (98,'Philly Point 98','776 Market St');
INSERT INTO LOCATION (location_id,name,address) VALUES (99,'Philly Point 99','3542 Market St');
INSERT INTO LOCATION (location_id,name,address) VALUES (100,'Philly Point 100','2014 Market St');
INSERT INTO LOCATION (location_id,name,address) VALUES (101,'Philly Point 101','3866 Market St');
INSERT INTO LOCATION (location_id,name,address) VALUES (102,'Philly Point 102','622 Market St');
INSERT INTO LOCATION (location_id,name,address) VALUES (103,'Philly Point 103','2648 Market St');
INSERT INTO LOCATION (location_id,name,address) VALUES (104,'Philly Point 104','2287 Market St');
INSERT INTO LOCATION (location_id,name,address) VALUES (105,'Philly Point 105','210 Market St');
INSERT INTO LOCATION (location_id,name,address) VALUES (106,'Philly Point 106','3814 Market St');
INSERT INTO LOCATION (location_id,name,address) VALUES (107,'Philly Point 107','1713 Market St');
INSERT INTO LOCATION (location_id,name,address) VALUES (108,'Philly Point 108','2524 Market St');

-- RIDE_OFFER
INSERT INTO RIDE_OFFER (offer_id,driver_id,vehicle_id,original_location_id,dest_location_id,depart_at,seats_available,price_base,price_per_mile,status,created_at) VALUES (1,5,3,3,8,'2025-10-16T01:45:00',2,4.17,0.72,'closed','2025-10-15T01:45:00');
INSERT INTO RIDE_OFFER (offer_id,driver_id,vehicle_id,original_location_id,dest_location_id,depart_at,seats_available,price_base,price_per_mile,status,created_at) VALUES (2,1,6,6,10,'2025-10-15T18:45:00',1,5.31,0.86,'closed','2025-10-14T18:45:00');
INSERT INTO RIDE_OFFER (offer_id,driver_id,vehicle_id,original_location_id,dest_location_id,depart_at,seats_available,price_base,price_per_mile,status,created_at) VALUES (3,12,1,2,3,'2025-10-14T13:00:00',2,4.63,1.13,'open','2025-10-13T13:00:00');
INSERT INTO RIDE_OFFER (offer_id,driver_id,vehicle_id,original_location_id,dest_location_id,depart_at,seats_available,price_base,price_per_mile,status,created_at) VALUES (4,6,2,3,8,'2025-10-14T17:45:00',3,8.52,0.9,'closed','2025-10-13T17:45:00');
INSERT INTO RIDE_OFFER (offer_id,driver_id,vehicle_id,original_location_id,dest_location_id,depart_at,seats_available,price_base,price_per_mile,status,created_at) VALUES (5,22,102,68,15,'2025-11-29T02:30:00',2,7.67,1.06,'open','2025-11-26T02:30:00');
INSERT INTO RIDE_OFFER (offer_id,driver_id,vehicle_id,original_location_id,dest_location_id,depart_at,seats_available,price_base,price_per_mile,status,created_at) VALUES (6,80,56,94,101,'2025-11-24T16:19:00',2,6.86,0.53,'closed','2025-11-18T16:19:00');
INSERT INTO RIDE_OFFER (offer_id,driver_id,vehicle_id,original_location_id,dest_location_id,depart_at,seats_available,price_base,price_per_mile,status,created_at) VALUES (7,58,76,63,92,'2025-11-10T02:57:00',1,4.93,0.66,'open','2025-11-05T02:57:00');
INSERT INTO RIDE_OFFER (offer_id,driver_id,vehicle_id,original_location_id,dest_location_id,depart_at,seats_available,price_base,price_per_mile,status,created_at) VALUES (8,54,82,59,65,'2025-11-20T13:06:00',4,3.69,1.22,'closed','2025-11-17T13:06:00');
INSERT INTO RIDE_OFFER (offer_id,driver_id,vehicle_id,original_location_id,dest_location_id,depart_at,seats_available,price_base,price_per_mile,status,created_at) VALUES (9,58,76,30,53,'2025-11-03T14:25:00',2,7.38,0.84,'open','2025-10-30T14:25:00');
INSERT INTO RIDE_OFFER (offer_id,driver_id,vehicle_id,original_location_id,dest_location_id,depart_at,seats_available,price_base,price_per_mile,status,created_at) VALUES (10,53,32,88,61,'2025-10-17T02:53:00',1,3.56,0.61,'closed','2025-10-15T02:53:00');
INSERT INTO RIDE_OFFER (offer_id,driver_id,vehicle_id,original_location_id,dest_location_id,depart_at,seats_available,price_base,price_per_mile,status,created_at) VALUES (11,75,25,76,72,'2025-11-17T10:42:00',1,5.46,1.46,'closed','2025-11-11T10:42:00');
INSERT INTO RIDE_OFFER (offer_id,driver_id,vehicle_id,original_location_id,dest_location_id,depart_at,seats_available,price_base,price_per_mile,status,created_at) VALUES (12,89,31,37,77,'2025-11-01T11:06:00',3,6.04,0.67,'open','2025-10-31T11:06:00');
INSERT INTO RIDE_OFFER (offer_id,driver_id,vehicle_id,original_location_id,dest_location_id,depart_at,seats_available,price_base,price_per_mile,status,created_at) VALUES (13,52,23,15,98,'2025-10-30T18:14:00',2,8.07,1.57,'closed','2025-10-30T18:14:00');
INSERT INTO RIDE_OFFER (offer_id,driver_id,vehicle_id,original_location_id,dest_location_id,depart_at,seats_available,price_base,price_per_mile,status,created_at) VALUES (14,79,46,4,24,'2025-10-30T22:48:00',2,8.53,0.89,'open','2025-10-28T22:48:00');
INSERT INTO RIDE_OFFER (offer_id,driver_id,vehicle_id,original_location_id,dest_location_id,depart_at,seats_available,price_base,price_per_mile,status,created_at) VALUES (15,76,66,9,19,'2025-11-29T20:01:00',1,7.48,0.74,'open','2025-11-24T20:01:00');
INSERT INTO RIDE_OFFER (offer_id,driver_id,vehicle_id,original_location_id,dest_location_id,depart_at,seats_available,price_base,price_per_mile,status,created_at) VALUES (16,28,77,40,93,'2025-11-02T18:38:00',1,8.3,0.67,'closed','2025-11-02T18:38:00');
INSERT INTO RIDE_OFFER (offer_id,driver_id,vehicle_id,original_location_id,dest_location_id,depart_at,seats_available,price_base,price_per_mile,status,created_at) VALUES (17,85,85,35,57,'2025-11-24T13:31:00',3,5.65,0.8,'closed','2025-11-23T13:31:00');
INSERT INTO RIDE_OFFER (offer_id,driver_id,vehicle_id,original_location_id,dest_location_id,depart_at,seats_available,price_base,price_per_mile,status,created_at) VALUES (18,52,23,15,37,'2025-11-25T21:37:00',2,6.16,0.84,'open','2025-11-25T21:37:00');
INSERT INTO RIDE_OFFER (offer_id,driver_id,vehicle_id,original_location_id,dest_location_id,depart_at,seats_available,price_base,price_per_mile,status,created_at) VALUES (19,6,3,39,28,'2025-10-21T08:18:00',2,3.72,1.05,'open','2025-10-19T08:18:00');
INSERT INTO RIDE_OFFER (offer_id,driver_id,vehicle_id,original_location_id,dest_location_id,depart_at,seats_available,price_base,price_per_mile,status,created_at) VALUES (20,54,82,65,72,'2025-11-24T11:04:00',2,8.17,0.55,'open','2025-11-23T11:04:00');
INSERT INTO RIDE_OFFER (offer_id,driver_id,vehicle_id,original_location_id,dest_location_id,depart_at,seats_available,price_base,price_per_mile,status,created_at) VALUES (21,49,54,74,52,'2025-11-27T20:26:00',2,3.69,0.52,'open','2025-11-20T20:26:00');
INSERT INTO RIDE_OFFER (offer_id,driver_id,vehicle_id,original_location_id,dest_location_id,depart_at,seats_available,price_base,price_per_mile,status,created_at) VALUES (22,104,12,12,56,'2025-10-19T07:27:00',3,5.4,0.59,'closed','2025-10-14T07:27:00');
INSERT INTO RIDE_OFFER (offer_id,driver_id,vehicle_id,original_location_id,dest_location_id,depart_at,seats_available,price_base,price_per_mile,status,created_at) VALUES (23,37,11,100,22,'2025-10-17T16:40:00',1,6.18,0.71,'closed','2025-10-12T16:40:00');
INSERT INTO RIDE_OFFER (offer_id,driver_id,vehicle_id,original_location_id,dest_location_id,depart_at,seats_available,price_base,price_per_mile,status,created_at) VALUES (24,89,31,31,14,'2025-10-22T08:12:00',1,6.61,1.34,'closed','2025-10-20T08:12:00');
INSERT INTO RIDE_OFFER (offer_id,driver_id,vehicle_id,original_location_id,dest_location_id,depart_at,seats_available,price_base,price_per_mile,status,created_at) VALUES (25,98,84,60,97,'2025-11-18T18:28:00',4,8.54,1.12,'closed','2025-11-13T18:28:00');
INSERT INTO RIDE_OFFER (offer_id,driver_id,vehicle_id,original_location_id,dest_location_id,depart_at,seats_available,price_base,price_per_mile,status,created_at) VALUES (26,81,73,20,57,'2025-10-17T15:28:00',4,4.82,0.8,'open','2025-10-16T15:28:00');
INSERT INTO RIDE_OFFER (offer_id,driver_id,vehicle_id,original_location_id,dest_location_id,depart_at,seats_available,price_base,price_per_mile,status,created_at) VALUES (27,48,81,58,5,'2025-10-16T11:53:00',2,3.46,1.45,'closed','2025-10-10T11:53:00');
INSERT INTO RIDE_OFFER (offer_id,driver_id,vehicle_id,original_location_id,dest_location_id,depart_at,seats_available,price_base,price_per_mile,status,created_at) VALUES (28,61,9,58,104,'2025-11-18T20:12:00',2,6.63,1.05,'closed','2025-11-11T20:12:00');
INSERT INTO RIDE_OFFER (offer_id,driver_id,vehicle_id,original_location_id,dest_location_id,depart_at,seats_available,price_base,price_per_mile,status,created_at) VALUES (29,20,34,92,11,'2025-11-14T20:11:00',1,4.49,0.98,'open','2025-11-12T20:11:00');
INSERT INTO RIDE_OFFER (offer_id,driver_id,vehicle_id,original_location_id,dest_location_id,depart_at,seats_available,price_base,price_per_mile,status,created_at) VALUES (30,53,92,37,50,'2025-11-08T10:43:00',3,3.31,1.19,'open','2025-11-03T10:43:00');
INSERT INTO RIDE_OFFER (offer_id,driver_id,vehicle_id,original_location_id,dest_location_id,depart_at,seats_available,price_base,price_per_mile,status,created_at) VALUES (31,20,34,37,33,'2025-11-28T21:58:00',3,8.24,0.87,'open','2025-11-26T21:58:00');
INSERT INTO RIDE_OFFER (offer_id,driver_id,vehicle_id,original_location_id,dest_location_id,depart_at,seats_available,price_base,price_per_mile,status,created_at) VALUES (32,52,23,84,90,'2025-11-24T12:08:00',3,7.25,0.59,'open','2025-11-19T12:08:00');
INSERT INTO RIDE_OFFER (offer_id,driver_id,vehicle_id,original_location_id,dest_location_id,depart_at,seats_available,price_base,price_per_mile,status,created_at) VALUES (33,103,36,86,90,'2025-11-29T21:58:00',3,3.56,1.24,'open','2025-11-29T21:58:00');
INSERT INTO RIDE_OFFER (offer_id,driver_id,vehicle_id,original_location_id,dest_location_id,depart_at,seats_available,price_base,price_per_mile,status,created_at) VALUES (34,53,92,24,28,'2025-11-03T15:12:00',1,9.0,0.67,'open','2025-11-02T15:12:00');
INSERT INTO RIDE_OFFER (offer_id,driver_id,vehicle_id,original_location_id,dest_location_id,depart_at,seats_available,price_base,price_per_mile,status,created_at) VALUES (35,66,99,70,107,'2025-11-29T16:02:00',4,5.02,1.34,'open','2025-11-23T16:02:00');
INSERT INTO RIDE_OFFER (offer_id,driver_id,vehicle_id,original_location_id,dest_location_id,depart_at,seats_available,price_base,price_per_mile,status,created_at) VALUES (36,27,37,24,107,'2025-11-26T19:51:00',1,7.33,0.55,'open','2025-11-23T19:51:00');
INSERT INTO RIDE_OFFER (offer_id,driver_id,vehicle_id,original_location_id,dest_location_id,depart_at,seats_available,price_base,price_per_mile,status,created_at) VALUES (37,59,80,37,97,'2025-11-29T14:14:00',3,4.44,1.56,'closed','2025-11-26T14:14:00');
INSERT INTO RIDE_OFFER (offer_id,driver_id,vehicle_id,original_location_id,dest_location_id,depart_at,seats_available,price_base,price_per_mile,status,created_at) VALUES (38,53,92,60,99,'2025-10-31T12:32:00',3,5.51,0.68,'open','2025-10-29T12:32:00');
INSERT INTO RIDE_OFFER (offer_id,driver_id,vehicle_id,original_location_id,dest_location_id,depart_at,seats_available,price_base,price_per_mile,status,created_at) VALUES (39,43,10,83,62,'2025-11-05T17:59:00',1,7.27,1.07,'open','2025-11-04T17:59:00');
INSERT INTO RIDE_OFFER (offer_id,driver_id,vehicle_id,original_location_id,dest_location_id,depart_at,seats_available,price_base,price_per_mile,status,created_at) VALUES (40,93,40,35,58,'2025-11-14T04:53:00',2,3.55,1.5,'closed','2025-11-09T04:53:00');
INSERT INTO RIDE_OFFER (offer_id,driver_id,vehicle_id,original_location_id,dest_location_id,depart_at,seats_available,price_base,price_per_mile,status,created_at) VALUES (41,7,58,7,51,'2025-11-14T11:15:00',2,8.97,0.91,'open','2025-11-13T11:15:00');
INSERT INTO RIDE_OFFER (offer_id,driver_id,vehicle_id,original_location_id,dest_location_id,depart_at,seats_available,price_base,price_per_mile,status,created_at) VALUES (42,104,12,102,19,'2025-10-21T01:18:00',2,7.18,0.65,'closed','2025-10-14T01:18:00');
INSERT INTO RIDE_OFFER (offer_id,driver_id,vehicle_id,original_location_id,dest_location_id,depart_at,seats_available,price_base,price_per_mile,status,created_at) VALUES (43,80,56,11,3,'2025-10-29T06:53:00',1,6.29,1.3,'open','2025-10-28T06:53:00');
INSERT INTO RIDE_OFFER (offer_id,driver_id,vehicle_id,original_location_id,dest_location_id,depart_at,seats_available,price_base,price_per_mile,status,created_at) VALUES (44,98,84,31,39,'2025-10-20T01:15:00',2,6.83,1.19,'open','2025-10-13T01:15:00');
INSERT INTO RIDE_OFFER (offer_id,driver_id,vehicle_id,original_location_id,dest_location_id,depart_at,seats_available,price_base,price_per_mile,status,created_at) VALUES (45,79,46,81,66,'2025-11-18T07:45:00',1,4.75,0.5,'open','2025-11-12T07:45:00');
INSERT INTO RIDE_OFFER (offer_id,driver_id,vehicle_id,original_location_id,dest_location_id,depart_at,seats_available,price_base,price_per_mile,status,created_at) VALUES (46,30,8,68,47,'2025-10-17T16:34:00',3,7.72,1.06,'open','2025-10-10T16:34:00');
INSERT INTO RIDE_OFFER (offer_id,driver_id,vehicle_id,original_location_id,dest_location_id,depart_at,seats_available,price_base,price_per_mile,status,created_at) VALUES (47,10,86,48,33,'2025-11-29T00:22:00',1,5.07,1.31,'closed','2025-11-24T00:22:00');
INSERT INTO RIDE_OFFER (offer_id,driver_id,vehicle_id,original_location_id,dest_location_id,depart_at,seats_available,price_base,price_per_mile,status,created_at) VALUES (48,22,102,46,70,'2025-11-03T20:11:00',4,5.79,1.26,'closed','2025-11-01T20:11:00');
INSERT INTO RIDE_OFFER (offer_id,driver_id,vehicle_id,original_location_id,dest_location_id,depart_at,seats_available,price_base,price_per_mile,status,created_at) VALUES (49,17,92,100,59,'2025-10-15T09:12:00',1,7.75,1.47,'open','2025-10-11T09:12:00');
INSERT INTO RIDE_OFFER (offer_id,driver_id,vehicle_id,original_location_id,dest_location_id,depart_at,seats_available,price_base,price_per_mile,status,created_at) VALUES (50,66,51,105,70,'2025-11-12T08:02:00',4,4.15,0.89,'closed','2025-11-07T08:02:00');
INSERT INTO RIDE_OFFER (offer_id,driver_id,vehicle_id,original_location_id,dest_location_id,depart_at,seats_available,price_base,price_per_mile,status,created_at) VALUES (51,45,21,103,48,'2025-11-09T12:47:00',2,8.37,0.93,'closed','2025-11-02T12:47:00');
INSERT INTO RIDE_OFFER (offer_id,driver_id,vehicle_id,original_location_id,dest_location_id,depart_at,seats_available,price_base,price_per_mile,status,created_at) VALUES (52,86,47,48,103,'2025-11-15T08:51:00',1,7.36,0.59,'closed','2025-11-13T08:51:00');
INSERT INTO RIDE_OFFER (offer_id,driver_id,vehicle_id,original_location_id,dest_location_id,depart_at,seats_available,price_base,price_per_mile,status,created_at) VALUES (53,70,17,42,14,'2025-10-18T10:42:00',2,4.84,1.16,'open','2025-10-11T10:42:00');
INSERT INTO RIDE_OFFER (offer_id,driver_id,vehicle_id,original_location_id,dest_location_id,depart_at,seats_available,price_base,price_per_mile,status,created_at) VALUES (54,52,23,6,94,'2025-11-04T19:27:00',2,6.84,1.37,'open','2025-10-29T19:27:00');
INSERT INTO RIDE_OFFER (offer_id,driver_id,vehicle_id,original_location_id,dest_location_id,depart_at,seats_available,price_base,price_per_mile,status,created_at) VALUES (55,53,32,4,19,'2025-11-20T21:50:00',2,3.21,0.57,'closed','2025-11-15T21:50:00');
INSERT INTO RIDE_OFFER (offer_id,driver_id,vehicle_id,original_location_id,dest_location_id,depart_at,seats_available,price_base,price_per_mile,status,created_at) VALUES (56,53,92,73,5,'2025-11-20T04:43:00',2,8.69,0.91,'closed','2025-11-18T04:43:00');
INSERT INTO RIDE_OFFER (offer_id,driver_id,vehicle_id,original_location_id,dest_location_id,depart_at,seats_available,price_base,price_per_mile,status,created_at) VALUES (57,68,88,51,41,'2025-11-23T08:15:00',1,3.16,0.7,'open','2025-11-22T08:15:00');
INSERT INTO RIDE_OFFER (offer_id,driver_id,vehicle_id,original_location_id,dest_location_id,depart_at,seats_available,price_base,price_per_mile,status,created_at) VALUES (58,43,29,91,58,'2025-10-26T19:18:00',4,8.5,1.04,'open','2025-10-25T19:18:00');
INSERT INTO RIDE_OFFER (offer_id,driver_id,vehicle_id,original_location_id,dest_location_id,depart_at,seats_available,price_base,price_per_mile,status,created_at) VALUES (59,59,39,92,57,'2025-10-18T21:54:00',2,7.01,1.28,'open','2025-10-14T21:54:00');
INSERT INTO RIDE_OFFER (offer_id,driver_id,vehicle_id,original_location_id,dest_location_id,depart_at,seats_available,price_base,price_per_mile,status,created_at) VALUES (60,48,15,92,91,'2025-11-26T20:11:00',2,6.05,0.63,'open','2025-11-24T20:11:00');
INSERT INTO RIDE_OFFER (offer_id,driver_id,vehicle_id,original_location_id,dest_location_id,depart_at,seats_available,price_base,price_per_mile,status,created_at) VALUES (61,40,96,4,47,'2025-11-17T18:23:00',2,7.82,1.11,'closed','2025-11-16T18:23:00');
INSERT INTO RIDE_OFFER (offer_id,driver_id,vehicle_id,original_location_id,dest_location_id,depart_at,seats_available,price_base,price_per_mile,status,created_at) VALUES (62,17,40,51,92,'2025-11-28T15:33:00',2,7.61,1.41,'open','2025-11-23T15:33:00');
INSERT INTO RIDE_OFFER (offer_id,driver_id,vehicle_id,original_location_id,dest_location_id,depart_at,seats_available,price_base,price_per_mile,status,created_at) VALUES (63,83,10,58,60,'2025-11-25T16:22:00',1,8.27,1.36,'closed','2025-11-23T16:22:00');
INSERT INTO RIDE_OFFER (offer_id,driver_id,vehicle_id,original_location_id,dest_location_id,depart_at,seats_available,price_base,price_per_mile,status,created_at) VALUES (64,98,84,56,65,'2025-10-16T03:33:00',1,4.82,0.68,'closed','2025-10-13T03:33:00');
INSERT INTO RIDE_OFFER (offer_id,driver_id,vehicle_id,original_location_id,dest_location_id,depart_at,seats_available,price_base,price_per_mile,status,created_at) VALUES (65,52,23,11,33,'2025-10-25T20:35:00',2,3.75,0.83,'open','2025-10-23T20:35:00');
INSERT INTO RIDE_OFFER (offer_id,driver_id,vehicle_id,original_location_id,dest_location_id,depart_at,seats_available,price_base,price_per_mile,status,created_at) VALUES (66,78,97,22,85,'2025-11-21T23:57:00',3,5.03,1.52,'open','2025-11-21T23:57:00');
INSERT INTO RIDE_OFFER (offer_id,driver_id,vehicle_id,original_location_id,dest_location_id,depart_at,seats_available,price_base,price_per_mile,status,created_at) VALUES (67,19,26,83,99,'2025-11-18T08:41:00',1,7.6,0.96,'closed','2025-11-11T08:41:00');
INSERT INTO RIDE_OFFER (offer_id,driver_id,vehicle_id,original_location_id,dest_location_id,depart_at,seats_available,price_base,price_per_mile,status,created_at) VALUES (68,81,94,38,83,'2025-11-01T15:15:00',4,5.44,1.0,'closed','2025-10-30T15:15:00');
INSERT INTO RIDE_OFFER (offer_id,driver_id,vehicle_id,original_location_id,dest_location_id,depart_at,seats_available,price_base,price_per_mile,status,created_at) VALUES (69,59,69,62,60,'2025-10-26T10:38:00',1,4.88,1.29,'closed','2025-10-21T10:38:00');
INSERT INTO RIDE_OFFER (offer_id,driver_id,vehicle_id,original_location_id,dest_location_id,depart_at,seats_available,price_base,price_per_mile,status,created_at) VALUES (70,55,100,98,48,'2025-11-14T17:06:00',2,4.45,0.63,'open','2025-11-12T17:06:00');
INSERT INTO RIDE_OFFER (offer_id,driver_id,vehicle_id,original_location_id,dest_location_id,depart_at,seats_available,price_base,price_per_mile,status,created_at) VALUES (71,20,16,38,50,'2025-11-21T13:15:00',1,7.88,1.53,'closed','2025-11-18T13:15:00');
INSERT INTO RIDE_OFFER (offer_id,driver_id,vehicle_id,original_location_id,dest_location_id,depart_at,seats_available,price_base,price_per_mile,status,created_at) VALUES (72,93,40,64,66,'2025-11-11T15:56:00',2,5.98,0.6,'open','2025-11-04T15:56:00');
INSERT INTO RIDE_OFFER (offer_id,driver_id,vehicle_id,original_location_id,dest_location_id,depart_at,seats_available,price_base,price_per_mile,status,created_at) VALUES (73,40,41,75,46,'2025-10-16T01:18:00',2,6.59,1.43,'closed','2025-10-12T01:18:00');
INSERT INTO RIDE_OFFER (offer_id,driver_id,vehicle_id,original_location_id,dest_location_id,depart_at,seats_available,price_base,price_per_mile,status,created_at) VALUES (74,70,17,14,56,'2025-10-21T08:46:00',2,7.58,0.9,'open','2025-10-18T08:46:00');
INSERT INTO RIDE_OFFER (offer_id,driver_id,vehicle_id,original_location_id,dest_location_id,depart_at,seats_available,price_base,price_per_mile,status,created_at) VALUES (75,53,92,10,50,'2025-11-14T14:48:00',3,4.68,1.59,'closed','2025-11-13T14:48:00');
INSERT INTO RIDE_OFFER (offer_id,driver_id,vehicle_id,original_location_id,dest_location_id,depart_at,seats_available,price_base,price_per_mile,status,created_at) VALUES (76,22,102,51,48,'2025-11-03T17:23:00',1,4.19,1.06,'open','2025-11-03T17:23:00');
INSERT INTO RIDE_OFFER (offer_id,driver_id,vehicle_id,original_location_id,dest_location_id,depart_at,seats_available,price_base,price_per_mile,status,created_at) VALUES (77,10,68,92,43,'2025-11-12T16:29:00',1,6.64,1.07,'open','2025-11-07T16:29:00');
INSERT INTO RIDE_OFFER (offer_id,driver_id,vehicle_id,original_location_id,dest_location_id,depart_at,seats_available,price_base,price_per_mile,status,created_at) VALUES (78,28,77,79,95,'2025-11-01T18:21:00',3,7.97,1.09,'closed','2025-10-28T18:21:00');
INSERT INTO RIDE_OFFER (offer_id,driver_id,vehicle_id,original_location_id,dest_location_id,depart_at,seats_available,price_base,price_per_mile,status,created_at) VALUES (79,64,50,48,43,'2025-11-25T03:26:00',3,4.85,1.49,'closed','2025-11-25T03:26:00');
INSERT INTO RIDE_OFFER (offer_id,driver_id,vehicle_id,original_location_id,dest_location_id,depart_at,seats_available,price_base,price_per_mile,status,created_at) VALUES (80,79,46,34,84,'2025-11-19T18:14:00',4,3.31,1.03,'open','2025-11-13T18:14:00');
INSERT INTO RIDE_OFFER (offer_id,driver_id,vehicle_id,original_location_id,dest_location_id,depart_at,seats_available,price_base,price_per_mile,status,created_at) VALUES (81,27,104,32,5,'2025-11-18T22:07:00',1,3.11,0.85,'open','2025-11-15T22:07:00');
INSERT INTO RIDE_OFFER (offer_id,driver_id,vehicle_id,original_location_id,dest_location_id,depart_at,seats_available,price_base,price_per_mile,status,created_at) VALUES (82,56,70,100,79,'2025-11-12T23:46:00',1,7.23,1.07,'open','2025-11-05T23:46:00');
INSERT INTO RIDE_OFFER (offer_id,driver_id,vehicle_id,original_location_id,dest_location_id,depart_at,seats_available,price_base,price_per_mile,status,created_at) VALUES (83,68,88,41,23,'2025-11-11T17:21:00',3,5.13,1.35,'closed','2025-11-07T17:21:00');
INSERT INTO RIDE_OFFER (offer_id,driver_id,vehicle_id,original_location_id,dest_location_id,depart_at,seats_available,price_base,price_per_mile,status,created_at) VALUES (84,80,71,25,32,'2025-10-30T17:19:00',1,8.65,1.58,'closed','2025-10-27T17:19:00');
INSERT INTO RIDE_OFFER (offer_id,driver_id,vehicle_id,original_location_id,dest_location_id,depart_at,seats_available,price_base,price_per_mile,status,created_at) VALUES (85,86,47,41,62,'2025-11-04T17:59:00',4,4.64,0.63,'closed','2025-10-29T17:59:00');
INSERT INTO RIDE_OFFER (offer_id,driver_id,vehicle_id,original_location_id,dest_location_id,depart_at,seats_available,price_base,price_per_mile,status,created_at) VALUES (86,55,100,99,103,'2025-10-22T09:02:00',2,8.73,0.59,'closed','2025-10-18T09:02:00');
INSERT INTO RIDE_OFFER (offer_id,driver_id,vehicle_id,original_location_id,dest_location_id,depart_at,seats_available,price_base,price_per_mile,status,created_at) VALUES (87,91,87,28,26,'2025-11-16T08:59:00',3,7.18,0.65,'closed','2025-11-13T08:59:00');
INSERT INTO RIDE_OFFER (offer_id,driver_id,vehicle_id,original_location_id,dest_location_id,depart_at,seats_available,price_base,price_per_mile,status,created_at) VALUES (88,40,41,86,68,'2025-10-27T20:14:00',1,3.6,0.86,'open','2025-10-25T20:14:00');
INSERT INTO RIDE_OFFER (offer_id,driver_id,vehicle_id,original_location_id,dest_location_id,depart_at,seats_available,price_base,price_per_mile,status,created_at) VALUES (89,6,3,53,84,'2025-11-12T15:41:00',1,7.54,0.82,'open','2025-11-12T15:41:00');
INSERT INTO RIDE_OFFER (offer_id,driver_id,vehicle_id,original_location_id,dest_location_id,depart_at,seats_available,price_base,price_per_mile,status,created_at) VALUES (90,98,84,84,74,'2025-10-27T17:47:00',4,8.1,0.54,'closed','2025-10-21T17:47:00');
INSERT INTO RIDE_OFFER (offer_id,driver_id,vehicle_id,original_location_id,dest_location_id,depart_at,seats_available,price_base,price_per_mile,status,created_at) VALUES (91,104,12,5,108,'2025-11-07T15:11:00',4,8.77,1.52,'closed','2025-11-07T15:11:00');
INSERT INTO RIDE_OFFER (offer_id,driver_id,vehicle_id,original_location_id,dest_location_id,depart_at,seats_available,price_base,price_per_mile,status,created_at) VALUES (92,48,15,43,37,'2025-11-11T20:34:00',3,5.96,1.53,'closed','2025-11-04T20:34:00');
INSERT INTO RIDE_OFFER (offer_id,driver_id,vehicle_id,original_location_id,dest_location_id,depart_at,seats_available,price_base,price_per_mile,status,created_at) VALUES (93,45,45,104,15,'2025-11-03T05:46:00',2,6.89,1.29,'open','2025-10-29T05:46:00');
INSERT INTO RIDE_OFFER (offer_id,driver_id,vehicle_id,original_location_id,dest_location_id,depart_at,seats_available,price_base,price_per_mile,status,created_at) VALUES (94,100,63,73,87,'2025-11-30T06:11:00',3,8.14,1.49,'closed','2025-11-25T06:11:00');
INSERT INTO RIDE_OFFER (offer_id,driver_id,vehicle_id,original_location_id,dest_location_id,depart_at,seats_available,price_base,price_per_mile,status,created_at) VALUES (95,19,51,86,13,'2025-10-24T04:30:00',2,8.61,0.51,'open','2025-10-17T04:30:00');
INSERT INTO RIDE_OFFER (offer_id,driver_id,vehicle_id,original_location_id,dest_location_id,depart_at,seats_available,price_base,price_per_mile,status,created_at) VALUES (96,93,74,43,39,'2025-11-19T23:36:00',1,4.57,0.9,'open','2025-11-18T23:36:00');
INSERT INTO RIDE_OFFER (offer_id,driver_id,vehicle_id,original_location_id,dest_location_id,depart_at,seats_available,price_base,price_per_mile,status,created_at) VALUES (97,61,20,21,52,'2025-11-25T16:59:00',4,7.62,1.26,'closed','2025-11-21T16:59:00');
INSERT INTO RIDE_OFFER (offer_id,driver_id,vehicle_id,original_location_id,dest_location_id,depart_at,seats_available,price_base,price_per_mile,status,created_at) VALUES (98,53,32,29,18,'2025-11-12T04:29:00',4,8.93,0.91,'closed','2025-11-05T04:29:00');
INSERT INTO RIDE_OFFER (offer_id,driver_id,vehicle_id,original_location_id,dest_location_id,depart_at,seats_available,price_base,price_per_mile,status,created_at) VALUES (99,93,90,103,86,'2025-10-26T07:43:00',3,8.24,0.59,'open','2025-10-21T07:43:00');
INSERT INTO RIDE_OFFER (offer_id,driver_id,vehicle_id,original_location_id,dest_location_id,depart_at,seats_available,price_base,price_per_mile,status,created_at) VALUES (100,17,73,15,8,'2025-11-17T16:12:00',3,6.22,0.68,'closed','2025-11-10T16:12:00');
INSERT INTO RIDE_OFFER (offer_id,driver_id,vehicle_id,original_location_id,dest_location_id,depart_at,seats_available,price_base,price_per_mile,status,created_at) VALUES (101,21,88,27,92,'2025-11-19T15:05:00',3,5.67,0.56,'open','2025-11-13T15:05:00');
INSERT INTO RIDE_OFFER (offer_id,driver_id,vehicle_id,original_location_id,dest_location_id,depart_at,seats_available,price_base,price_per_mile,status,created_at) VALUES (102,61,9,72,60,'2025-11-25T09:46:00',1,5.38,1.4,'closed','2025-11-24T09:46:00');
INSERT INTO RIDE_OFFER (offer_id,driver_id,vehicle_id,original_location_id,dest_location_id,depart_at,seats_available,price_base,price_per_mile,status,created_at) VALUES (103,10,86,45,90,'2025-10-17T17:03:00',1,8.92,1.02,'open','2025-10-15T17:03:00');
INSERT INTO RIDE_OFFER (offer_id,driver_id,vehicle_id,original_location_id,dest_location_id,depart_at,seats_available,price_base,price_per_mile,status,created_at) VALUES (104,98,84,99,83,'2025-11-28T20:26:00',2,8.96,0.92,'closed','2025-11-22T20:26:00');

-- RIDE_REQUEST
INSERT INTO RIDE_REQUEST (request_id,rider_id,pickup_location_id,dropoff_location_id,earliest_pickup,latest_pickup,seats_needed,status,created_at) VALUES (1,11,7,10,'2025-10-14T19:05:00','2025-10-14T19:45:00',1,'cancelled','2025-10-13T19:15:00');
INSERT INTO RIDE_REQUEST (request_id,rider_id,pickup_location_id,dropoff_location_id,earliest_pickup,latest_pickup,seats_needed,status,created_at) VALUES (2,10,6,8,'2025-10-14T13:15:00','2025-10-14T13:25:00',1,'open','2025-10-13T13:15:00');
INSERT INTO RIDE_REQUEST (request_id,rider_id,pickup_location_id,dropoff_location_id,earliest_pickup,latest_pickup,seats_needed,status,created_at) VALUES (3,7,1,9,'2025-10-14T07:20:00','2025-10-14T07:40:00',1,'matched','2025-10-13T07:30:00');
INSERT INTO RIDE_REQUEST (request_id,rider_id,pickup_location_id,dropoff_location_id,earliest_pickup,latest_pickup,seats_needed,status,created_at) VALUES (4,13,6,7,'2025-10-13T23:50:00','2025-10-14T00:30:00',2,'matched','2025-10-13T00:00:00');
INSERT INTO RIDE_REQUEST (request_id,rider_id,pickup_location_id,dropoff_location_id,earliest_pickup,latest_pickup,seats_needed,status,created_at) VALUES (5,10,7,2,'2025-10-15T21:45:00','2025-10-15T21:55:00',1,'open','2025-10-14T21:45:00');
INSERT INTO RIDE_REQUEST (request_id,rider_id,pickup_location_id,dropoff_location_id,earliest_pickup,latest_pickup,seats_needed,status,created_at) VALUES (6,11,3,2,'2025-10-15T03:00:00','2025-10-15T03:10:00',1,'cancelled','2025-10-14T03:00:00');
INSERT INTO RIDE_REQUEST (request_id,rider_id,pickup_location_id,dropoff_location_id,earliest_pickup,latest_pickup,seats_needed,status,created_at) VALUES (7,75,11,88,'2025-11-24T19:34:00','2025-11-24T19:52:00',2,'matched','2025-11-24T19:34:00');
INSERT INTO RIDE_REQUEST (request_id,rider_id,pickup_location_id,dropoff_location_id,earliest_pickup,latest_pickup,seats_needed,status,created_at) VALUES (8,37,69,51,'2025-11-15T08:46:00','2025-11-15T09:10:00',1,'matched','2025-11-13T08:46:00');
INSERT INTO RIDE_REQUEST (request_id,rider_id,pickup_location_id,dropoff_location_id,earliest_pickup,latest_pickup,seats_needed,status,created_at) VALUES (9,94,87,93,'2025-11-16T12:34:00','2025-11-16T13:08:00',1,'open','2025-11-14T12:34:00');
INSERT INTO RIDE_REQUEST (request_id,rider_id,pickup_location_id,dropoff_location_id,earliest_pickup,latest_pickup,seats_needed,status,created_at) VALUES (10,33,36,25,'2025-11-28T18:07:00','2025-11-28T18:19:00',2,'open','2025-11-28T18:07:00');
INSERT INTO RIDE_REQUEST (request_id,rider_id,pickup_location_id,dropoff_location_id,earliest_pickup,latest_pickup,seats_needed,status,created_at) VALUES (11,51,27,9,'2025-10-19T15:02:00','2025-10-19T15:40:00',2,'matched','2025-10-19T15:02:00');
INSERT INTO RIDE_REQUEST (request_id,rider_id,pickup_location_id,dropoff_location_id,earliest_pickup,latest_pickup,seats_needed,status,created_at) VALUES (12,52,95,6,'2025-11-07T13:14:00','2025-11-07T13:58:00',1,'matched','2025-11-07T13:14:00');
INSERT INTO RIDE_REQUEST (request_id,rider_id,pickup_location_id,dropoff_location_id,earliest_pickup,latest_pickup,seats_needed,status,created_at) VALUES (13,31,65,38,'2025-10-27T19:58:00','2025-10-27T20:54:00',2,'open','2025-10-23T19:58:00');
INSERT INTO RIDE_REQUEST (request_id,rider_id,pickup_location_id,dropoff_location_id,earliest_pickup,latest_pickup,seats_needed,status,created_at) VALUES (14,67,31,39,'2025-10-22T16:33:00','2025-10-22T16:57:00',1,'open','2025-10-22T16:33:00');
INSERT INTO RIDE_REQUEST (request_id,rider_id,pickup_location_id,dropoff_location_id,earliest_pickup,latest_pickup,seats_needed,status,created_at) VALUES (15,37,81,87,'2025-11-09T14:31:00','2025-11-09T14:44:00',1,'cancelled','2025-11-04T14:31:00');
INSERT INTO RIDE_REQUEST (request_id,rider_id,pickup_location_id,dropoff_location_id,earliest_pickup,latest_pickup,seats_needed,status,created_at) VALUES (16,75,101,68,'2025-11-02T17:26:00','2025-11-02T18:02:00',1,'open','2025-11-01T17:26:00');
INSERT INTO RIDE_REQUEST (request_id,rider_id,pickup_location_id,dropoff_location_id,earliest_pickup,latest_pickup,seats_needed,status,created_at) VALUES (17,95,31,29,'2025-11-01T19:45:00','2025-11-01T20:04:00',1,'cancelled','2025-10-28T19:45:00');
INSERT INTO RIDE_REQUEST (request_id,rider_id,pickup_location_id,dropoff_location_id,earliest_pickup,latest_pickup,seats_needed,status,created_at) VALUES (18,82,54,72,'2025-11-15T08:24:00','2025-11-15T08:49:00',1,'open','2025-11-10T08:24:00');
INSERT INTO RIDE_REQUEST (request_id,rider_id,pickup_location_id,dropoff_location_id,earliest_pickup,latest_pickup,seats_needed,status,created_at) VALUES (19,23,58,48,'2025-10-18T14:46:00','2025-10-18T15:08:00',1,'open','2025-10-13T14:46:00');
INSERT INTO RIDE_REQUEST (request_id,rider_id,pickup_location_id,dropoff_location_id,earliest_pickup,latest_pickup,seats_needed,status,created_at) VALUES (20,14,10,25,'2025-11-30T15:46:00','2025-11-30T16:38:00',2,'open','2025-11-29T15:46:00');
INSERT INTO RIDE_REQUEST (request_id,rider_id,pickup_location_id,dropoff_location_id,earliest_pickup,latest_pickup,seats_needed,status,created_at) VALUES (21,69,39,2,'2025-10-26T20:12:00','2025-10-26T21:09:00',1,'matched','2025-10-23T20:12:00');
INSERT INTO RIDE_REQUEST (request_id,rider_id,pickup_location_id,dropoff_location_id,earliest_pickup,latest_pickup,seats_needed,status,created_at) VALUES (22,52,90,78,'2025-11-27T09:25:00','2025-11-27T09:50:00',2,'open','2025-11-25T09:25:00');
INSERT INTO RIDE_REQUEST (request_id,rider_id,pickup_location_id,dropoff_location_id,earliest_pickup,latest_pickup,seats_needed,status,created_at) VALUES (23,75,60,69,'2025-11-23T11:19:00','2025-11-23T11:45:00',1,'open','2025-11-20T11:19:00');
INSERT INTO RIDE_REQUEST (request_id,rider_id,pickup_location_id,dropoff_location_id,earliest_pickup,latest_pickup,seats_needed,status,created_at) VALUES (24,94,13,103,'2025-11-28T13:48:00','2025-11-28T14:18:00',1,'open','2025-11-25T13:48:00');
INSERT INTO RIDE_REQUEST (request_id,rider_id,pickup_location_id,dropoff_location_id,earliest_pickup,latest_pickup,seats_needed,status,created_at) VALUES (25,14,73,29,'2025-11-29T08:01:00','2025-11-29T08:27:00',2,'cancelled','2025-11-25T08:01:00');
INSERT INTO RIDE_REQUEST (request_id,rider_id,pickup_location_id,dropoff_location_id,earliest_pickup,latest_pickup,seats_needed,status,created_at) VALUES (26,83,38,20,'2025-10-25T11:14:00','2025-10-25T11:48:00',2,'matched','2025-10-22T11:14:00');
INSERT INTO RIDE_REQUEST (request_id,rider_id,pickup_location_id,dropoff_location_id,earliest_pickup,latest_pickup,seats_needed,status,created_at) VALUES (27,70,33,98,'2025-11-13T17:41:00','2025-11-13T18:38:00',1,'open','2025-11-08T17:41:00');
INSERT INTO RIDE_REQUEST (request_id,rider_id,pickup_location_id,dropoff_location_id,earliest_pickup,latest_pickup,seats_needed,status,created_at) VALUES (28,72,22,18,'2025-11-28T14:31:00','2025-11-28T14:52:00',2,'cancelled','2025-11-28T14:31:00');
INSERT INTO RIDE_REQUEST (request_id,rider_id,pickup_location_id,dropoff_location_id,earliest_pickup,latest_pickup,seats_needed,status,created_at) VALUES (29,13,108,10,'2025-11-24T06:48:00','2025-11-24T06:58:00',1,'open','2025-11-19T06:48:00');
INSERT INTO RIDE_REQUEST (request_id,rider_id,pickup_location_id,dropoff_location_id,earliest_pickup,latest_pickup,seats_needed,status,created_at) VALUES (30,48,9,91,'2025-10-22T06:13:00','2025-10-22T06:55:00',1,'open','2025-10-18T06:13:00');
INSERT INTO RIDE_REQUEST (request_id,rider_id,pickup_location_id,dropoff_location_id,earliest_pickup,latest_pickup,seats_needed,status,created_at) VALUES (31,96,85,63,'2025-10-14T06:34:00','2025-10-14T07:19:00',1,'open','2025-10-10T06:34:00');
INSERT INTO RIDE_REQUEST (request_id,rider_id,pickup_location_id,dropoff_location_id,earliest_pickup,latest_pickup,seats_needed,status,created_at) VALUES (32,59,69,37,'2025-10-14T14:52:00','2025-10-14T15:46:00',2,'open','2025-10-13T14:52:00');
INSERT INTO RIDE_REQUEST (request_id,rider_id,pickup_location_id,dropoff_location_id,earliest_pickup,latest_pickup,seats_needed,status,created_at) VALUES (33,26,13,68,'2025-10-22T09:12:00','2025-10-22T10:01:00',2,'open','2025-10-20T09:12:00');
INSERT INTO RIDE_REQUEST (request_id,rider_id,pickup_location_id,dropoff_location_id,earliest_pickup,latest_pickup,seats_needed,status,created_at) VALUES (34,57,102,51,'2025-10-18T11:25:00','2025-10-18T12:04:00',2,'open','2025-10-13T11:25:00');
INSERT INTO RIDE_REQUEST (request_id,rider_id,pickup_location_id,dropoff_location_id,earliest_pickup,latest_pickup,seats_needed,status,created_at) VALUES (35,47,39,88,'2025-10-18T16:54:00','2025-10-18T17:45:00',1,'open','2025-10-15T16:54:00');
INSERT INTO RIDE_REQUEST (request_id,rider_id,pickup_location_id,dropoff_location_id,earliest_pickup,latest_pickup,seats_needed,status,created_at) VALUES (36,75,71,61,'2025-10-16T16:00:00','2025-10-16T16:54:00',1,'open','2025-10-13T16:00:00');
INSERT INTO RIDE_REQUEST (request_id,rider_id,pickup_location_id,dropoff_location_id,earliest_pickup,latest_pickup,seats_needed,status,created_at) VALUES (37,69,73,13,'2025-11-15T20:02:00','2025-11-15T20:26:00',1,'cancelled','2025-11-10T20:02:00');
INSERT INTO RIDE_REQUEST (request_id,rider_id,pickup_location_id,dropoff_location_id,earliest_pickup,latest_pickup,seats_needed,status,created_at) VALUES (38,95,35,6,'2025-10-17T16:59:00','2025-10-17T17:26:00',2,'matched','2025-10-17T16:59:00');
INSERT INTO RIDE_REQUEST (request_id,rider_id,pickup_location_id,dropoff_location_id,earliest_pickup,latest_pickup,seats_needed,status,created_at) VALUES (39,37,41,3,'2025-10-26T15:09:00','2025-10-26T16:07:00',2,'matched','2025-10-26T15:09:00');
INSERT INTO RIDE_REQUEST (request_id,rider_id,pickup_location_id,dropoff_location_id,earliest_pickup,latest_pickup,seats_needed,status,created_at) VALUES (40,63,21,73,'2025-10-28T15:53:00','2025-10-28T16:27:00',2,'matched','2025-10-26T15:53:00');
INSERT INTO RIDE_REQUEST (request_id,rider_id,pickup_location_id,dropoff_location_id,earliest_pickup,latest_pickup,seats_needed,status,created_at) VALUES (41,76,97,95,'2025-10-21T18:44:00','2025-10-21T19:40:00',1,'open','2025-10-19T18:44:00');
INSERT INTO RIDE_REQUEST (request_id,rider_id,pickup_location_id,dropoff_location_id,earliest_pickup,latest_pickup,seats_needed,status,created_at) VALUES (42,15,13,56,'2025-10-27T19:04:00','2025-10-27T19:35:00',2,'matched','2025-10-23T19:04:00');
INSERT INTO RIDE_REQUEST (request_id,rider_id,pickup_location_id,dropoff_location_id,earliest_pickup,latest_pickup,seats_needed,status,created_at) VALUES (43,77,100,42,'2025-10-14T16:17:00','2025-10-14T17:17:00',1,'open','2025-10-12T16:17:00');
INSERT INTO RIDE_REQUEST (request_id,rider_id,pickup_location_id,dropoff_location_id,earliest_pickup,latest_pickup,seats_needed,status,created_at) VALUES (44,75,56,24,'2025-11-25T15:42:00','2025-11-25T16:16:00',1,'matched','2025-11-23T15:42:00');
INSERT INTO RIDE_REQUEST (request_id,rider_id,pickup_location_id,dropoff_location_id,earliest_pickup,latest_pickup,seats_needed,status,created_at) VALUES (45,52,92,10,'2025-10-18T10:09:00','2025-10-18T10:43:00',2,'matched','2025-10-17T10:09:00');
INSERT INTO RIDE_REQUEST (request_id,rider_id,pickup_location_id,dropoff_location_id,earliest_pickup,latest_pickup,seats_needed,status,created_at) VALUES (46,76,41,47,'2025-10-19T07:00:00','2025-10-19T07:29:00',1,'open','2025-10-17T07:00:00');
INSERT INTO RIDE_REQUEST (request_id,rider_id,pickup_location_id,dropoff_location_id,earliest_pickup,latest_pickup,seats_needed,status,created_at) VALUES (47,26,17,12,'2025-10-24T12:28:00','2025-10-24T13:13:00',2,'open','2025-10-24T12:28:00');
INSERT INTO RIDE_REQUEST (request_id,rider_id,pickup_location_id,dropoff_location_id,earliest_pickup,latest_pickup,seats_needed,status,created_at) VALUES (48,12,12,46,'2025-11-17T07:38:00','2025-11-17T08:26:00',1,'matched','2025-11-17T07:38:00');
INSERT INTO RIDE_REQUEST (request_id,rider_id,pickup_location_id,dropoff_location_id,earliest_pickup,latest_pickup,seats_needed,status,created_at) VALUES (49,62,53,50,'2025-10-18T17:57:00','2025-10-18T18:42:00',1,'matched','2025-10-17T17:57:00');
INSERT INTO RIDE_REQUEST (request_id,rider_id,pickup_location_id,dropoff_location_id,earliest_pickup,latest_pickup,seats_needed,status,created_at) VALUES (50,75,22,18,'2025-10-30T10:17:00','2025-10-30T10:58:00',1,'open','2025-10-27T10:17:00');
INSERT INTO RIDE_REQUEST (request_id,rider_id,pickup_location_id,dropoff_location_id,earliest_pickup,latest_pickup,seats_needed,status,created_at) VALUES (51,59,54,39,'2025-11-12T18:04:00','2025-11-12T18:37:00',1,'cancelled','2025-11-07T18:04:00');
INSERT INTO RIDE_REQUEST (request_id,rider_id,pickup_location_id,dropoff_location_id,earliest_pickup,latest_pickup,seats_needed,status,created_at) VALUES (52,99,77,79,'2025-10-25T13:06:00','2025-10-25T13:24:00',1,'open','2025-10-22T13:06:00');
INSERT INTO RIDE_REQUEST (request_id,rider_id,pickup_location_id,dropoff_location_id,earliest_pickup,latest_pickup,seats_needed,status,created_at) VALUES (53,69,108,80,'2025-11-06T18:55:00','2025-11-06T19:26:00',1,'open','2025-11-01T18:55:00');
INSERT INTO RIDE_REQUEST (request_id,rider_id,pickup_location_id,dropoff_location_id,earliest_pickup,latest_pickup,seats_needed,status,created_at) VALUES (54,31,39,42,'2025-11-20T17:12:00','2025-11-20T17:52:00',1,'open','2025-11-17T17:12:00');
INSERT INTO RIDE_REQUEST (request_id,rider_id,pickup_location_id,dropoff_location_id,earliest_pickup,latest_pickup,seats_needed,status,created_at) VALUES (55,66,38,95,'2025-11-26T16:31:00','2025-11-26T17:17:00',1,'open','2025-11-24T16:31:00');
INSERT INTO RIDE_REQUEST (request_id,rider_id,pickup_location_id,dropoff_location_id,earliest_pickup,latest_pickup,seats_needed,status,created_at) VALUES (56,77,47,15,'2025-11-18T09:37:00','2025-11-18T10:21:00',1,'matched','2025-11-14T09:37:00');
INSERT INTO RIDE_REQUEST (request_id,rider_id,pickup_location_id,dropoff_location_id,earliest_pickup,latest_pickup,seats_needed,status,created_at) VALUES (57,12,94,60,'2025-11-27T09:28:00','2025-11-27T09:56:00',2,'open','2025-11-24T09:28:00');
INSERT INTO RIDE_REQUEST (request_id,rider_id,pickup_location_id,dropoff_location_id,earliest_pickup,latest_pickup,seats_needed,status,created_at) VALUES (58,99,18,82,'2025-11-01T09:16:00','2025-11-01T10:08:00',1,'matched','2025-10-29T09:16:00');
INSERT INTO RIDE_REQUEST (request_id,rider_id,pickup_location_id,dropoff_location_id,earliest_pickup,latest_pickup,seats_needed,status,created_at) VALUES (59,22,58,77,'2025-11-12T15:25:00','2025-11-12T16:09:00',2,'cancelled','2025-11-07T15:25:00');
INSERT INTO RIDE_REQUEST (request_id,rider_id,pickup_location_id,dropoff_location_id,earliest_pickup,latest_pickup,seats_needed,status,created_at) VALUES (60,83,70,5,'2025-11-05T17:57:00','2025-11-05T18:41:00',2,'matched','2025-11-05T17:57:00');
INSERT INTO RIDE_REQUEST (request_id,rider_id,pickup_location_id,dropoff_location_id,earliest_pickup,latest_pickup,seats_needed,status,created_at) VALUES (61,26,99,32,'2025-11-24T16:22:00','2025-11-24T16:42:00',2,'matched','2025-11-20T16:22:00');
INSERT INTO RIDE_REQUEST (request_id,rider_id,pickup_location_id,dropoff_location_id,earliest_pickup,latest_pickup,seats_needed,status,created_at) VALUES (62,79,97,43,'2025-11-09T07:00:00','2025-11-09T07:16:00',1,'open','2025-11-04T07:00:00');
INSERT INTO RIDE_REQUEST (request_id,rider_id,pickup_location_id,dropoff_location_id,earliest_pickup,latest_pickup,seats_needed,status,created_at) VALUES (63,105,72,75,'2025-11-26T15:14:00','2025-11-26T15:52:00',1,'open','2025-11-21T15:14:00');
INSERT INTO RIDE_REQUEST (request_id,rider_id,pickup_location_id,dropoff_location_id,earliest_pickup,latest_pickup,seats_needed,status,created_at) VALUES (64,101,20,45,'2025-10-14T13:06:00','2025-10-14T13:34:00',1,'cancelled','2025-10-14T13:06:00');
INSERT INTO RIDE_REQUEST (request_id,rider_id,pickup_location_id,dropoff_location_id,earliest_pickup,latest_pickup,seats_needed,status,created_at) VALUES (65,27,107,94,'2025-10-22T11:19:00','2025-10-22T11:50:00',1,'matched','2025-10-18T11:19:00');
INSERT INTO RIDE_REQUEST (request_id,rider_id,pickup_location_id,dropoff_location_id,earliest_pickup,latest_pickup,seats_needed,status,created_at) VALUES (66,96,45,61,'2025-10-19T13:46:00','2025-10-19T14:40:00',1,'open','2025-10-17T13:46:00');
INSERT INTO RIDE_REQUEST (request_id,rider_id,pickup_location_id,dropoff_location_id,earliest_pickup,latest_pickup,seats_needed,status,created_at) VALUES (67,14,104,91,'2025-10-20T06:54:00','2025-10-20T07:25:00',2,'open','2025-10-19T06:54:00');
INSERT INTO RIDE_REQUEST (request_id,rider_id,pickup_location_id,dropoff_location_id,earliest_pickup,latest_pickup,seats_needed,status,created_at) VALUES (68,52,67,23,'2025-11-17T08:21:00','2025-11-17T09:06:00',1,'cancelled','2025-11-16T08:21:00');
INSERT INTO RIDE_REQUEST (request_id,rider_id,pickup_location_id,dropoff_location_id,earliest_pickup,latest_pickup,seats_needed,status,created_at) VALUES (69,79,81,24,'2025-10-24T16:42:00','2025-10-24T17:19:00',1,'open','2025-10-20T16:42:00');
INSERT INTO RIDE_REQUEST (request_id,rider_id,pickup_location_id,dropoff_location_id,earliest_pickup,latest_pickup,seats_needed,status,created_at) VALUES (70,41,58,76,'2025-11-09T12:00:00','2025-11-09T12:55:00',1,'open','2025-11-04T12:00:00');
INSERT INTO RIDE_REQUEST (request_id,rider_id,pickup_location_id,dropoff_location_id,earliest_pickup,latest_pickup,seats_needed,status,created_at) VALUES (71,18,74,14,'2025-11-16T08:23:00','2025-11-16T08:53:00',1,'open','2025-11-14T08:23:00');
INSERT INTO RIDE_REQUEST (request_id,rider_id,pickup_location_id,dropoff_location_id,earliest_pickup,latest_pickup,seats_needed,status,created_at) VALUES (72,97,68,82,'2025-11-02T15:24:00','2025-11-02T16:13:00',1,'matched','2025-10-31T15:24:00');
INSERT INTO RIDE_REQUEST (request_id,rider_id,pickup_location_id,dropoff_location_id,earliest_pickup,latest_pickup,seats_needed,status,created_at) VALUES (73,72,59,80,'2025-10-24T19:43:00','2025-10-24T20:38:00',1,'cancelled','2025-10-20T19:43:00');
INSERT INTO RIDE_REQUEST (request_id,rider_id,pickup_location_id,dropoff_location_id,earliest_pickup,latest_pickup,seats_needed,status,created_at) VALUES (74,23,87,18,'2025-11-02T07:15:00','2025-11-02T07:44:00',1,'open','2025-10-28T07:15:00');
INSERT INTO RIDE_REQUEST (request_id,rider_id,pickup_location_id,dropoff_location_id,earliest_pickup,latest_pickup,seats_needed,status,created_at) VALUES (75,32,66,50,'2025-11-08T15:08:00','2025-11-08T15:54:00',1,'open','2025-11-05T15:08:00');
INSERT INTO RIDE_REQUEST (request_id,rider_id,pickup_location_id,dropoff_location_id,earliest_pickup,latest_pickup,seats_needed,status,created_at) VALUES (76,37,72,22,'2025-11-13T10:08:00','2025-11-13T10:29:00',1,'matched','2025-11-09T10:08:00');
INSERT INTO RIDE_REQUEST (request_id,rider_id,pickup_location_id,dropoff_location_id,earliest_pickup,latest_pickup,seats_needed,status,created_at) VALUES (77,15,46,2,'2025-11-13T08:12:00','2025-11-13T08:46:00',2,'open','2025-11-10T08:12:00');
INSERT INTO RIDE_REQUEST (request_id,rider_id,pickup_location_id,dropoff_location_id,earliest_pickup,latest_pickup,seats_needed,status,created_at) VALUES (78,82,88,63,'2025-11-08T17:53:00','2025-11-08T18:31:00',1,'open','2025-11-04T17:53:00');
INSERT INTO RIDE_REQUEST (request_id,rider_id,pickup_location_id,dropoff_location_id,earliest_pickup,latest_pickup,seats_needed,status,created_at) VALUES (79,12,102,98,'2025-10-27T10:02:00','2025-10-27T10:29:00',1,'open','2025-10-26T10:02:00');
INSERT INTO RIDE_REQUEST (request_id,rider_id,pickup_location_id,dropoff_location_id,earliest_pickup,latest_pickup,seats_needed,status,created_at) VALUES (80,92,73,96,'2025-11-13T14:32:00','2025-11-13T14:49:00',2,'open','2025-11-09T14:32:00');
INSERT INTO RIDE_REQUEST (request_id,rider_id,pickup_location_id,dropoff_location_id,earliest_pickup,latest_pickup,seats_needed,status,created_at) VALUES (81,73,70,106,'2025-11-30T06:48:00','2025-11-30T07:44:00',1,'open','2025-11-27T06:48:00');
INSERT INTO RIDE_REQUEST (request_id,rider_id,pickup_location_id,dropoff_location_id,earliest_pickup,latest_pickup,seats_needed,status,created_at) VALUES (82,26,95,107,'2025-11-23T18:15:00','2025-11-23T18:44:00',1,'open','2025-11-21T18:15:00');
INSERT INTO RIDE_REQUEST (request_id,rider_id,pickup_location_id,dropoff_location_id,earliest_pickup,latest_pickup,seats_needed,status,created_at) VALUES (83,24,57,16,'2025-10-28T09:51:00','2025-10-28T10:48:00',2,'matched','2025-10-23T09:51:00');
INSERT INTO RIDE_REQUEST (request_id,rider_id,pickup_location_id,dropoff_location_id,earliest_pickup,latest_pickup,seats_needed,status,created_at) VALUES (84,84,22,79,'2025-10-21T18:13:00','2025-10-21T18:36:00',1,'matched','2025-10-17T18:13:00');
INSERT INTO RIDE_REQUEST (request_id,rider_id,pickup_location_id,dropoff_location_id,earliest_pickup,latest_pickup,seats_needed,status,created_at) VALUES (85,59,77,69,'2025-10-23T11:45:00','2025-10-23T12:13:00',1,'matched','2025-10-19T11:45:00');
INSERT INTO RIDE_REQUEST (request_id,rider_id,pickup_location_id,dropoff_location_id,earliest_pickup,latest_pickup,seats_needed,status,created_at) VALUES (86,25,18,97,'2025-11-08T20:03:00','2025-11-08T20:30:00',2,'open','2025-11-07T20:03:00');
INSERT INTO RIDE_REQUEST (request_id,rider_id,pickup_location_id,dropoff_location_id,earliest_pickup,latest_pickup,seats_needed,status,created_at) VALUES (87,52,19,92,'2025-11-02T19:15:00','2025-11-02T20:13:00',2,'open','2025-11-01T19:15:00');
INSERT INTO RIDE_REQUEST (request_id,rider_id,pickup_location_id,dropoff_location_id,earliest_pickup,latest_pickup,seats_needed,status,created_at) VALUES (88,57,81,54,'2025-11-06T13:04:00','2025-11-06T13:54:00',1,'open','2025-11-01T13:04:00');
INSERT INTO RIDE_REQUEST (request_id,rider_id,pickup_location_id,dropoff_location_id,earliest_pickup,latest_pickup,seats_needed,status,created_at) VALUES (89,59,89,48,'2025-11-11T13:20:00','2025-11-11T14:07:00',1,'matched','2025-11-06T13:20:00');
INSERT INTO RIDE_REQUEST (request_id,rider_id,pickup_location_id,dropoff_location_id,earliest_pickup,latest_pickup,seats_needed,status,created_at) VALUES (90,24,94,59,'2025-11-22T16:44:00','2025-11-22T17:16:00',1,'matched','2025-11-19T16:44:00');
INSERT INTO RIDE_REQUEST (request_id,rider_id,pickup_location_id,dropoff_location_id,earliest_pickup,latest_pickup,seats_needed,status,created_at) VALUES (91,44,55,106,'2025-10-26T13:17:00','2025-10-26T13:47:00',1,'open','2025-10-22T13:17:00');
INSERT INTO RIDE_REQUEST (request_id,rider_id,pickup_location_id,dropoff_location_id,earliest_pickup,latest_pickup,seats_needed,status,created_at) VALUES (92,29,73,63,'2025-11-03T20:43:00','2025-11-03T21:41:00',1,'open','2025-10-29T20:43:00');
INSERT INTO RIDE_REQUEST (request_id,rider_id,pickup_location_id,dropoff_location_id,earliest_pickup,latest_pickup,seats_needed,status,created_at) VALUES (93,92,3,16,'2025-10-23T13:29:00','2025-10-23T13:39:00',1,'open','2025-10-18T13:29:00');
INSERT INTO RIDE_REQUEST (request_id,rider_id,pickup_location_id,dropoff_location_id,earliest_pickup,latest_pickup,seats_needed,status,created_at) VALUES (94,29,84,39,'2025-10-23T19:59:00','2025-10-23T20:26:00',1,'matched','2025-10-21T19:59:00');
INSERT INTO RIDE_REQUEST (request_id,rider_id,pickup_location_id,dropoff_location_id,earliest_pickup,latest_pickup,seats_needed,status,created_at) VALUES (95,23,48,86,'2025-11-23T08:03:00','2025-11-23T08:38:00',2,'open','2025-11-18T08:03:00');
INSERT INTO RIDE_REQUEST (request_id,rider_id,pickup_location_id,dropoff_location_id,earliest_pickup,latest_pickup,seats_needed,status,created_at) VALUES (96,48,55,84,'2025-10-18T17:06:00','2025-10-18T17:16:00',1,'open','2025-10-17T17:06:00');
INSERT INTO RIDE_REQUEST (request_id,rider_id,pickup_location_id,dropoff_location_id,earliest_pickup,latest_pickup,seats_needed,status,created_at) VALUES (97,47,67,88,'2025-11-10T06:00:00','2025-11-10T06:54:00',1,'matched','2025-11-07T06:00:00');
INSERT INTO RIDE_REQUEST (request_id,rider_id,pickup_location_id,dropoff_location_id,earliest_pickup,latest_pickup,seats_needed,status,created_at) VALUES (98,29,62,10,'2025-10-27T12:05:00','2025-10-27T13:01:00',1,'open','2025-10-25T12:05:00');
INSERT INTO RIDE_REQUEST (request_id,rider_id,pickup_location_id,dropoff_location_id,earliest_pickup,latest_pickup,seats_needed,status,created_at) VALUES (99,63,18,49,'2025-11-30T19:08:00','2025-11-30T19:59:00',2,'open','2025-11-26T19:08:00');
INSERT INTO RIDE_REQUEST (request_id,rider_id,pickup_location_id,dropoff_location_id,earliest_pickup,latest_pickup,seats_needed,status,created_at) VALUES (100,9,79,84,'2025-10-23T13:22:00','2025-10-23T14:18:00',1,'matched','2025-10-22T13:22:00');
INSERT INTO RIDE_REQUEST (request_id,rider_id,pickup_location_id,dropoff_location_id,earliest_pickup,latest_pickup,seats_needed,status,created_at) VALUES (101,82,79,88,'2025-11-10T19:13:00','2025-11-10T19:28:00',1,'open','2025-11-10T19:13:00');
INSERT INTO RIDE_REQUEST (request_id,rider_id,pickup_location_id,dropoff_location_id,earliest_pickup,latest_pickup,seats_needed,status,created_at) VALUES (102,76,45,55,'2025-11-02T18:08:00','2025-11-02T18:33:00',1,'matched','2025-11-01T18:08:00');
INSERT INTO RIDE_REQUEST (request_id,rider_id,pickup_location_id,dropoff_location_id,earliest_pickup,latest_pickup,seats_needed,status,created_at) VALUES (103,60,100,89,'2025-10-14T19:54:00','2025-10-14T20:46:00',1,'open','2025-10-10T19:54:00');
INSERT INTO RIDE_REQUEST (request_id,rider_id,pickup_location_id,dropoff_location_id,earliest_pickup,latest_pickup,seats_needed,status,created_at) VALUES (104,102,25,96,'2025-11-07T10:41:00','2025-11-07T10:54:00',1,'open','2025-11-07T10:41:00');
INSERT INTO RIDE_REQUEST (request_id,rider_id,pickup_location_id,dropoff_location_id,earliest_pickup,latest_pickup,seats_needed,status,created_at) VALUES (105,51,64,82,'2025-11-20T07:33:00','2025-11-20T07:43:00',1,'cancelled','2025-11-19T07:33:00');
INSERT INTO RIDE_REQUEST (request_id,rider_id,pickup_location_id,dropoff_location_id,earliest_pickup,latest_pickup,seats_needed,status,created_at) VALUES (106,76,108,73,'2025-11-08T11:34:00','2025-11-08T12:27:00',1,'matched','2025-11-08T11:34:00');

-- RIDE_MATCH
INSERT INTO RIDE_MATCH (match_id,request_id,offer_id,seats_booked,price_total,state,matched_at) VALUES (1,3,3,1,11.71,'completed','2025-10-13T13:30:00');
INSERT INTO RIDE_MATCH (match_id,request_id,offer_id,seats_booked,price_total,state,matched_at) VALUES (2,4,7,1,7.95,'cancelled','2025-10-13T06:00:00');
INSERT INTO RIDE_MATCH (match_id,request_id,offer_id,seats_booked,price_total,state,matched_at) VALUES (3,8,16,2,14.77,'confirmed','2025-10-15T02:00:00');
INSERT INTO RIDE_MATCH (match_id,request_id,offer_id,seats_booked,price_total,state,matched_at) VALUES (4,9,16,1,15.16,'no_show','2025-10-13T08:00:00');
INSERT INTO RIDE_MATCH (match_id,request_id,offer_id,seats_booked,price_total,state,matched_at) VALUES (5,15,2,1,11.01,'completed','2025-10-13T16:45:00');
INSERT INTO RIDE_MATCH (match_id,request_id,offer_id,seats_booked,price_total,state,matched_at) VALUES (6,21,3,1,10.23,'no_show','2025-10-13T23:45:00');
INSERT INTO RIDE_MATCH (match_id,request_id,offer_id,seats_booked,price_total,state,matched_at) VALUES (7,7,13,2,11.43,'confirmed','2025-11-24T19:34:00');
INSERT INTO RIDE_MATCH (match_id,request_id,offer_id,seats_booked,price_total,state,matched_at) VALUES (8,9,37,1,17.37,'completed','2025-11-16T09:34:00');
INSERT INTO RIDE_MATCH (match_id,request_id,offer_id,seats_booked,price_total,state,matched_at) VALUES (9,10,75,2,9.17,'completed','2025-11-28T14:07:00');
INSERT INTO RIDE_MATCH (match_id,request_id,offer_id,seats_booked,price_total,state,matched_at) VALUES (10,11,17,2,9.73,'completed','2025-10-19T14:02:00');
INSERT INTO RIDE_MATCH (match_id,request_id,offer_id,seats_booked,price_total,state,matched_at) VALUES (11,13,60,2,9.77,'completed','2025-10-27T19:58:00');
INSERT INTO RIDE_MATCH (match_id,request_id,offer_id,seats_booked,price_total,state,matched_at) VALUES (12,14,56,1,17.15,'cancelled','2025-10-22T16:33:00');
INSERT INTO RIDE_MATCH (match_id,request_id,offer_id,seats_booked,price_total,state,matched_at) VALUES (13,15,56,1,11.57,'completed','2025-11-09T14:31:00');
INSERT INTO RIDE_MATCH (match_id,request_id,offer_id,seats_booked,price_total,state,matched_at) VALUES (14,16,95,1,12.99,'confirmed','2025-11-02T17:26:00');
INSERT INTO RIDE_MATCH (match_id,request_id,offer_id,seats_booked,price_total,state,matched_at) VALUES (15,19,45,1,8.37,'cancelled','2025-10-18T12:46:00');
INSERT INTO RIDE_MATCH (match_id,request_id,offer_id,seats_booked,price_total,state,matched_at) VALUES (16,20,25,2,19.18,'cancelled','2025-11-30T15:46:00');
INSERT INTO RIDE_MATCH (match_id,request_id,offer_id,seats_booked,price_total,state,matched_at) VALUES (17,22,80,2,8.17,'confirmed','2025-11-27T05:25:00');
INSERT INTO RIDE_MATCH (match_id,request_id,offer_id,seats_booked,price_total,state,matched_at) VALUES (18,24,66,1,13.54,'completed','2025-11-28T09:48:00');
INSERT INTO RIDE_MATCH (match_id,request_id,offer_id,seats_booked,price_total,state,matched_at) VALUES (19,25,30,2,8.73,'confirmed','2025-11-29T04:01:00');
INSERT INTO RIDE_MATCH (match_id,request_id,offer_id,seats_booked,price_total,state,matched_at) VALUES (20,27,95,1,12.23,'confirmed','2025-11-13T17:41:00');
INSERT INTO RIDE_MATCH (match_id,request_id,offer_id,seats_booked,price_total,state,matched_at) VALUES (21,28,91,2,17.34,'no_show','2025-11-28T13:31:00');
INSERT INTO RIDE_MATCH (match_id,request_id,offer_id,seats_booked,price_total,state,matched_at) VALUES (22,31,92,1,20.35,'completed','2025-10-14T04:34:00');
INSERT INTO RIDE_MATCH (match_id,request_id,offer_id,seats_booked,price_total,state,matched_at) VALUES (23,32,59,2,13.04,'confirmed','2025-10-14T12:52:00');
INSERT INTO RIDE_MATCH (match_id,request_id,offer_id,seats_booked,price_total,state,matched_at) VALUES (24,33,9,2,10.57,'cancelled','2025-10-22T09:12:00');
INSERT INTO RIDE_MATCH (match_id,request_id,offer_id,seats_booked,price_total,state,matched_at) VALUES (25,35,60,1,12.77,'cancelled','2025-10-18T14:54:00');
INSERT INTO RIDE_MATCH (match_id,request_id,offer_id,seats_booked,price_total,state,matched_at) VALUES (26,36,71,1,17.93,'confirmed','2025-10-16T14:00:00');
INSERT INTO RIDE_MATCH (match_id,request_id,offer_id,seats_booked,price_total,state,matched_at) VALUES (27,37,39,1,17.32,'confirmed','2025-11-15T18:02:00');
INSERT INTO RIDE_MATCH (match_id,request_id,offer_id,seats_booked,price_total,state,matched_at) VALUES (28,38,94,2,25.99,'cancelled','2025-10-17T12:59:00');
INSERT INTO RIDE_MATCH (match_id,request_id,offer_id,seats_booked,price_total,state,matched_at) VALUES (29,40,1,2,12.32,'confirmed','2025-10-28T11:53:00');
INSERT INTO RIDE_MATCH (match_id,request_id,offer_id,seats_booked,price_total,state,matched_at) VALUES (30,41,89,1,16.37,'no_show','2025-10-21T18:44:00');
INSERT INTO RIDE_MATCH (match_id,request_id,offer_id,seats_booked,price_total,state,matched_at) VALUES (31,43,95,1,13.34,'confirmed','2025-10-14T12:17:00');
INSERT INTO RIDE_MATCH (match_id,request_id,offer_id,seats_booked,price_total,state,matched_at) VALUES (32,45,12,2,13.9,'confirmed','2025-10-18T08:09:00');
INSERT INTO RIDE_MATCH (match_id,request_id,offer_id,seats_booked,price_total,state,matched_at) VALUES (33,46,30,1,16.37,'completed','2025-10-19T05:00:00');
INSERT INTO RIDE_MATCH (match_id,request_id,offer_id,seats_booked,price_total,state,matched_at) VALUES (34,47,17,2,11.9,'completed','2025-10-24T09:28:00');
INSERT INTO RIDE_MATCH (match_id,request_id,offer_id,seats_booked,price_total,state,matched_at) VALUES (35,48,73,1,10.34,'completed','2025-11-17T06:38:00');
INSERT INTO RIDE_MATCH (match_id,request_id,offer_id,seats_booked,price_total,state,matched_at) VALUES (36,49,34,1,16.04,'no_show','2025-10-18T14:57:00');
INSERT INTO RIDE_MATCH (match_id,request_id,offer_id,seats_booked,price_total,state,matched_at) VALUES (37,52,35,1,10.83,'no_show','2025-10-25T12:06:00');
INSERT INTO RIDE_MATCH (match_id,request_id,offer_id,seats_booked,price_total,state,matched_at) VALUES (38,54,20,1,9.85,'completed','2025-11-20T15:12:00');
INSERT INTO RIDE_MATCH (match_id,request_id,offer_id,seats_booked,price_total,state,matched_at) VALUES (39,55,69,1,12.08,'cancelled','2025-11-26T13:31:00');
INSERT INTO RIDE_MATCH (match_id,request_id,offer_id,seats_booked,price_total,state,matched_at) VALUES (40,56,34,1,16.05,'confirmed','2025-11-18T07:37:00');
INSERT INTO RIDE_MATCH (match_id,request_id,offer_id,seats_booked,price_total,state,matched_at) VALUES (41,59,60,2,8.24,'completed','2025-11-12T13:25:00');
INSERT INTO RIDE_MATCH (match_id,request_id,offer_id,seats_booked,price_total,state,matched_at) VALUES (42,60,9,2,14.75,'confirmed','2025-11-05T16:57:00');
INSERT INTO RIDE_MATCH (match_id,request_id,offer_id,seats_booked,price_total,state,matched_at) VALUES (43,61,75,2,21.45,'completed','2025-11-24T12:22:00');
INSERT INTO RIDE_MATCH (match_id,request_id,offer_id,seats_booked,price_total,state,matched_at) VALUES (44,62,60,1,7.95,'cancelled','2025-11-09T07:00:00');
INSERT INTO RIDE_MATCH (match_id,request_id,offer_id,seats_booked,price_total,state,matched_at) VALUES (45,63,100,1,14.26,'confirmed','2025-11-26T12:14:00');
INSERT INTO RIDE_MATCH (match_id,request_id,offer_id,seats_booked,price_total,state,matched_at) VALUES (46,64,81,1,12.78,'confirmed','2025-10-14T09:06:00');
INSERT INTO RIDE_MATCH (match_id,request_id,offer_id,seats_booked,price_total,state,matched_at) VALUES (47,65,10,1,4.91,'confirmed','2025-10-22T08:19:00');
INSERT INTO RIDE_MATCH (match_id,request_id,offer_id,seats_booked,price_total,state,matched_at) VALUES (48,67,61,2,11.4,'no_show','2025-10-20T06:54:00');
INSERT INTO RIDE_MATCH (match_id,request_id,offer_id,seats_booked,price_total,state,matched_at) VALUES (49,68,74,1,13.28,'completed','2025-11-17T05:21:00');
INSERT INTO RIDE_MATCH (match_id,request_id,offer_id,seats_booked,price_total,state,matched_at) VALUES (50,69,88,1,8.99,'confirmed','2025-10-24T15:42:00');
INSERT INTO RIDE_MATCH (match_id,request_id,offer_id,seats_booked,price_total,state,matched_at) VALUES (51,70,58,1,19.77,'confirmed','2025-11-09T08:00:00');
INSERT INTO RIDE_MATCH (match_id,request_id,offer_id,seats_booked,price_total,state,matched_at) VALUES (52,73,71,1,18.27,'confirmed','2025-10-24T16:43:00');
INSERT INTO RIDE_MATCH (match_id,request_id,offer_id,seats_booked,price_total,state,matched_at) VALUES (53,74,26,1,11.56,'cancelled','2025-11-02T06:15:00');
INSERT INTO RIDE_MATCH (match_id,request_id,offer_id,seats_booked,price_total,state,matched_at) VALUES (54,80,101,2,11.17,'confirmed','2025-11-13T10:32:00');
INSERT INTO RIDE_MATCH (match_id,request_id,offer_id,seats_booked,price_total,state,matched_at) VALUES (55,81,50,1,8.34,'confirmed','2025-11-30T02:48:00');
INSERT INTO RIDE_MATCH (match_id,request_id,offer_id,seats_booked,price_total,state,matched_at) VALUES (56,82,104,1,17.96,'confirmed','2025-11-23T15:15:00');
INSERT INTO RIDE_MATCH (match_id,request_id,offer_id,seats_booked,price_total,state,matched_at) VALUES (57,83,42,2,14.81,'confirmed','2025-10-28T08:51:00');
INSERT INTO RIDE_MATCH (match_id,request_id,offer_id,seats_booked,price_total,state,matched_at) VALUES (58,84,102,1,21.02,'confirmed','2025-10-21T17:13:00');
INSERT INTO RIDE_MATCH (match_id,request_id,offer_id,seats_booked,price_total,state,matched_at) VALUES (59,85,103,1,14.92,'no_show','2025-10-23T10:45:00');
INSERT INTO RIDE_MATCH (match_id,request_id,offer_id,seats_booked,price_total,state,matched_at) VALUES (60,86,59,2,19.89,'completed','2025-11-08T16:03:00');
INSERT INTO RIDE_MATCH (match_id,request_id,offer_id,seats_booked,price_total,state,matched_at) VALUES (61,87,66,2,22.47,'completed','2025-11-02T15:15:00');
INSERT INTO RIDE_MATCH (match_id,request_id,offer_id,seats_booked,price_total,state,matched_at) VALUES (62,92,23,1,11.08,'confirmed','2025-11-03T19:43:00');
INSERT INTO RIDE_MATCH (match_id,request_id,offer_id,seats_booked,price_total,state,matched_at) VALUES (63,94,62,1,10.44,'no_show','2025-10-23T18:59:00');
INSERT INTO RIDE_MATCH (match_id,request_id,offer_id,seats_booked,price_total,state,matched_at) VALUES (64,96,23,1,14.12,'cancelled','2025-10-18T15:06:00');
INSERT INTO RIDE_MATCH (match_id,request_id,offer_id,seats_booked,price_total,state,matched_at) VALUES (65,97,19,1,11.98,'no_show','2025-11-10T06:00:00');
INSERT INTO RIDE_MATCH (match_id,request_id,offer_id,seats_booked,price_total,state,matched_at) VALUES (66,101,85,1,8.39,'confirmed','2025-11-10T17:13:00');
INSERT INTO RIDE_MATCH (match_id,request_id,offer_id,seats_booked,price_total,state,matched_at) VALUES (67,102,21,1,8.54,'completed','2025-11-02T15:08:00');
INSERT INTO RIDE_MATCH (match_id,request_id,offer_id,seats_booked,price_total,state,matched_at) VALUES (68,104,72,1,11.34,'no_show','2025-11-07T08:41:00');
INSERT INTO RIDE_MATCH (match_id,request_id,offer_id,seats_booked,price_total,state,matched_at) VALUES (69,105,76,1,14.94,'confirmed','2025-11-20T05:33:00');
INSERT INTO RIDE_MATCH (match_id,request_id,offer_id,seats_booked,price_total,state,matched_at) VALUES (70,106,94,1,11.15,'completed','2025-11-08T07:34:00');

-- RATING
INSERT INTO RATING (rating_id,match_id,from_user_id,to_user_id,stars,comment,created_at) VALUES (1,1,2,12,5,'Friendly','2025-10-13T15:30:00');
INSERT INTO RATING (rating_id,match_id,from_user_id,to_user_id,stars,comment,created_at) VALUES (3,8,9,4,5,'Great ride','2025-10-13T04:45:00');
INSERT INTO RATING (rating_id,match_id,from_user_id,to_user_id,stars,comment,created_at) VALUES (4,8,94,59,1,'Car was clean','2025-11-16T12:34:00');
INSERT INTO RATING (rating_id,match_id,from_user_id,to_user_id,stars,comment,created_at) VALUES (5,9,33,53,5,'Helpful with bags','2025-11-30T06:07:00');
INSERT INTO RATING (rating_id,match_id,from_user_id,to_user_id,stars,comment,created_at) VALUES (6,10,51,85,5,'Would ride again','2025-10-20T00:02:00');
INSERT INTO RATING (rating_id,match_id,from_user_id,to_user_id,stars,comment,created_at) VALUES (7,11,31,48,5,'On time','2025-10-28T16:58:00');
INSERT INTO RATING (rating_id,match_id,from_user_id,to_user_id,stars,comment,created_at) VALUES (8,13,37,53,3,'Great ride','2025-11-11T12:31:00');
INSERT INTO RATING (rating_id,match_id,from_user_id,to_user_id,stars,comment,created_at) VALUES (9,18,94,78,4,'On time','2025-11-29T14:48:00');
INSERT INTO RATING (rating_id,match_id,from_user_id,to_user_id,stars,comment,created_at) VALUES (10,22,96,48,5,'Driver was late','2025-10-14T09:34:00');
INSERT INTO RATING (rating_id,match_id,from_user_id,to_user_id,stars,comment,created_at) VALUES (11,33,76,53,4,'Driver was late','2025-10-19T06:00:00');
INSERT INTO RATING (rating_id,match_id,from_user_id,to_user_id,stars,comment,created_at) VALUES (12,34,26,85,5,'Would ride again','2025-10-24T20:28:00');
INSERT INTO RATING (rating_id,match_id,from_user_id,to_user_id,stars,comment,created_at) VALUES (13,38,31,54,5,'Car was clean','2025-11-21T16:12:00');
INSERT INTO RATING (rating_id,match_id,from_user_id,to_user_id,stars,comment,created_at) VALUES (14,41,22,48,5,'Helpful with bags','2025-11-14T02:25:00');
INSERT INTO RATING (rating_id,match_id,from_user_id,to_user_id,stars,comment,created_at) VALUES (15,43,26,53,4,'Friendly driver','2025-11-25T17:22:00');
INSERT INTO RATING (rating_id,match_id,from_user_id,to_user_id,stars,comment,created_at) VALUES (16,49,52,70,4,'On time','2025-11-17T07:21:00');
INSERT INTO RATING (rating_id,match_id,from_user_id,to_user_id,stars,comment,created_at) VALUES (17,60,25,59,2,'Great ride','2025-11-09T14:03:00');
INSERT INTO RATING (rating_id,match_id,from_user_id,to_user_id,stars,comment,created_at) VALUES (18,61,52,78,5,'Driver was late','2025-11-02T20:15:00');
INSERT INTO RATING (rating_id,match_id,from_user_id,to_user_id,stars,comment,created_at) VALUES (19,67,76,49,3,'Great ride','2025-11-03T13:08:00');
INSERT INTO RATING (rating_id,match_id,from_user_id,to_user_id,stars,comment,created_at) VALUES (20,70,76,100,4,'Would ride again','2025-11-10T05:34:00');
