request_id,rider_id,pickup_location_id,dropoff_location_id,earliest_pickup,latest_pickup,seats_needed,status,created_at
1,11,7,10,2025-10-14T19:05:00,2025-10-14T19:45:00,1,cancelled,2025-10-13T19:15:00
2,10,6,8,2025-10-14T13:15:00,2025-10-14T13:25:00,1,open,2025-10-13T13:15:00
3,7,1,9,2025-10-14T07:20:00,2025-10-14T07:40:00,1,matched,2025-10-13T07:30:00
4,13,6,7,2025-10-13T23:50:00,2025-10-14T00:30:00,2,matched,2025-10-13T00:00:00
5,10,7,2,2025-10-15T21:45:00,2025-10-15T21:55:00,1,open,2025-10-14T21:45:00
6,11,3,2,2025-10-15T03:00:00,2025-10-15T03:10:00,1,cancelled,2025-10-14T03:00:00
7,75,11,88,2025-11-24T19:34:00,2025-11-24T19:52:00,2,matched,2025-11-24T19:34:00
8,37,69,51,2025-11-15T08:46:00,2025-11-15T09:10:00,1,matched,2025-11-13T08:46:00
9,94,87,93,2025-11-16T12:34:00,2025-11-16T13:08:00,1,open,2025-11-14T12:34:00
10,33,36,25,2025-11-28T18:07:00,2025-11-28T18:19:00,2,open,2025-11-28T18:07:00
11,51,27,9,2025-10-19T15:02:00,2025-10-19T15:40:00,2,matched,2025-10-19T15:02:00
12,52,95,6,2025-11-07T13:14:00,2025-11-07T13:58:00,1,matched,2025-11-07T13:14:00
13,31,65,38,2025-10-27T19:58:00,2025-10-27T20:54:00,2,open,2025-10-23T19:58:00
14,67,31,39,2025-10-22T16:33:00,2025-10-22T16:57:00,1,open,2025-10-22T16:33:00
15,37,81,87,2025-11-09T14:31:00,2025-11-09T14:44:00,1,cancelled,2025-11-04T14:31:00
16,75,101,68,2025-11-02T17:26:00,2025-11-02T18:02:00,1,open,2025-11-01T17:26:00
17,95,31,29,2025-11-01T19:45:00,2025-11-01T20:04:00,1,cancelled,2025-10-28T19:45:00
18,82,54,72,2025-11-15T08:24:00,2025-11-15T08:49:00,1,open,2025-11-10T08:24:00
19,23,58,48,2025-10-18T14:46:00,2025-10-18T15:08:00,1,open,2025-10-13T14:46:00
20,14,10,25,2025-11-30T15:46:00,2025-11-30T16:38:00,2,open,2025-11-29T15:46:00
21,69,39,2,2025-10-26T20:12:00,2025-10-26T21:09:00,1,matched,2025-10-23T20:12:00
22,52,90,78,2025-11-27T09:25:00,2025-11-27T09:50:00,2,open,2025-11-25T09:25:00
23,75,60,69,2025-11-23T11:19:00,2025-11-23T11:45:00,1,open,2025-11-20T11:19:00
24,94,13,103,2025-11-28T13:48:00,2025-11-28T14:18:00,1,open,2025-11-25T13:48:00
25,14,73,29,2025-11-29T08:01:00,2025-11-29T08:27:00,2,cancelled,2025-11-25T08:01:00
26,83,38,20,2025-10-25T11:14:00,2025-10-25T11:48:00,2,matched,2025-10-22T11:14:00
27,70,33,98,2025-11-13T17:41:00,2025-11-13T18:38:00,1,open,2025-11-08T17:41:00
28,72,22,18,2025-11-28T14:31:00,2025-11-28T14:52:00,2,cancelled,2025-11-28T14:31:00
29,13,108,10,2025-11-24T06:48:00,2025-11-24T06:58:00,1,open,2025-11-19T06:48:00
30,48,9,91,2025-10-22T06:13:00,2025-10-22T06:55:00,1,open,2025-10-18T06:13:00
31,96,85,63,2025-10-14T06:34:00,2025-10-14T07:19:00,1,open,2025-10-10T06:34:00
32,59,69,37,2025-10-14T14:52:00,2025-10-14T15:46:00,2,open,2025-10-13T14:52:00
33,26,13,68,2025-10-22T09:12:00,2025-10-22T10:01:00,2,open,2025-10-20T09:12:00
34,57,102,51,2025-10-18T11:25:00,2025-10-18T12:04:00,2,open,2025-10-13T11:25:00
35,47,39,88,2025-10-18T16:54:00,2025-10-18T17:45:00,1,open,2025-10-15T16:54:00
36,75,71,61,2025-10-16T16:00:00,2025-10-16T16:54:00,1,open,2025-10-13T16:00:00
37,69,73,13,2025-11-15T20:02:00,2025-11-15T20:26:00,1,cancelled,2025-11-10T20:02:00
38,95,35,6,2025-10-17T16:59:00,2025-10-17T17:26:00,2,matched,2025-10-17T16:59:00
39,37,41,3,2025-10-26T15:09:00,2025-10-26T16:07:00,2,matched,2025-10-26T15:09:00
40,63,21,73,2025-10-28T15:53:00,2025-10-28T16:27:00,2,matched,2025-10-26T15:53:00
41,76,97,95,2025-10-21T18:44:00,2025-10-21T19:40:00,1,open,2025-10-19T18:44:00
42,15,13,56,2025-10-27T19:04:00,2025-10-27T19:35:00,2,matched,2025-10-23T19:04:00
43,77,100,42,2025-10-14T16:17:00,2025-10-14T17:17:00,1,open,2025-10-12T16:17:00
44,75,56,24,2025-11-25T15:42:00,2025-11-25T16:16:00,1,matched,2025-11-23T15:42:00
45,52,92,10,2025-10-18T10:09:00,2025-10-18T10:43:00,2,matched,2025-10-17T10:09:00
46,76,41,47,2025-10-19T07:00:00,2025-10-19T07:29:00,1,open,2025-10-17T07:00:00
47,26,17,12,2025-10-24T12:28:00,2025-10-24T13:13:00,2,open,2025-10-24T12:28:00
48,12,12,46,2025-11-17T07:38:00,2025-11-17T08:26:00,1,matched,2025-11-17T07:38:00
49,62,53,50,2025-10-18T17:57:00,2025-10-18T18:42:00,1,matched,2025-10-17T17:57:00
50,75,22,18,2025-10-30T10:17:00,2025-10-30T10:58:00,1,open,2025-10-27T10:17:00
51,59,54,39,2025-11-12T18:04:00,2025-11-12T18:37:00,1,cancelled,2025-11-07T18:04:00
52,99,77,79,2025-10-25T13:06:00,2025-10-25T13:24:00,1,open,2025-10-22T13:06:00
53,69,108,80,2025-11-06T18:55:00,2025-11-06T19:26:00,1,open,2025-11-01T18:55:00
54,31,39,42,2025-11-20T17:12:00,2025-11-20T17:52:00,1,open,2025-11-17T17:12:00
55,66,38,95,2025-11-26T16:31:00,2025-11-26T17:17:00,1,open,2025-11-24T16:31:00
56,77,47,15,2025-11-18T09:37:00,2025-11-18T10:21:00,1,matched,2025-11-14T09:37:00
57,12,94,60,2025-11-27T09:28:00,2025-11-27T09:56:00,2,open,2025-11-24T09:28:00
58,99,18,82,2025-11-01T09:16:00,2025-11-01T10:08:00,1,matched,2025-10-29T09:16:00
59,22,58,77,2025-11-12T15:25:00,2025-11-12T16:09:00,2,cancelled,2025-11-07T15:25:00
60,83,70,5,2025-11-05T17:57:00,2025-11-05T18:41:00,2,matched,2025-11-05T17:57:00
61,26,99,32,2025-11-24T16:22:00,2025-11-24T16:42:00,2,matched,2025-11-20T16:22:00
62,79,97,43,2025-11-09T07:00:00,2025-11-09T07:16:00,1,open,2025-11-04T07:00:00
63,105,72,75,2025-11-26T15:14:00,2025-11-26T15:52:00,1,open,2025-11-21T15:14:00
64,101,20,45,2025-10-14T13:06:00,2025-10-14T13:34:00,1,cancelled,2025-10-14T13:06:00
65,27,107,94,2025-10-22T11:19:00,2025-10-22T11:50:00,1,matched,2025-10-18T11:19:00
66,96,45,61,2025-10-19T13:46:00,2025-10-19T14:40:00,1,open,2025-10-17T13:46:00
67,14,104,91,2025-10-20T06:54:00,2025-10-20T07:25:00,2,open,2025-10-19T06:54:00
68,52,67,23,2025-11-17T08:21:00,2025-11-17T09:06:00,1,cancelled,2025-11-16T08:21:00
69,79,81,24,2025-10-24T16:42:00,2025-10-24T17:19:00,1,open,2025-10-20T16:42:00
70,41,58,76,2025-11-09T12:00:00,2025-11-09T12:55:00,1,open,2025-11-04T12:00:00
71,18,74,14,2025-11-16T08:23:00,2025-11-16T08:53:00,1,open,2025-11-14T08:23:00
72,97,68,82,2025-11-02T15:24:00,2025-11-02T16:13:00,1,matched,2025-10-31T15:24:00
73,72,59,80,2025-10-24T19:43:00,2025-10-24T20:38:00,1,cancelled,2025-10-20T19:43:00
74,23,87,18,2025-11-02T07:15:00,2025-11-02T07:44:00,1,open,2025-10-28T07:15:00
75,32,66,50,2025-11-08T15:08:00,2025-11-08T15:54:00,1,open,2025-11-05T15:08:00
76,37,72,22,2025-11-13T10:08:00,2025-11-13T10:29:00,1,matched,2025-11-09T10:08:00
77,15,46,2,2025-11-13T08:12:00,2025-11-13T08:46:00,2,open,2025-11-10T08:12:00
78,82,88,63,2025-11-08T17:53:00,2025-11-08T18:31:00,1,open,2025-11-04T17:53:00
79,12,102,98,2025-10-27T10:02:00,2025-10-27T10:29:00,1,open,2025-10-26T10:02:00
80,92,73,96,2025-11-13T14:32:00,2025-11-13T14:49:00,2,open,2025-11-09T14:32:00
81,73,70,106,2025-11-30T06:48:00,2025-11-30T07:44:00,1,open,2025-11-27T06:48:00
82,26,95,107,2025-11-23T18:15:00,2025-11-23T18:44:00,1,open,2025-11-21T18:15:00
83,24,57,16,2025-10-28T09:51:00,2025-10-28T10:48:00,2,matched,2025-10-23T09:51:00
84,84,22,79,2025-10-21T18:13:00,2025-10-21T18:36:00,1,matched,2025-10-17T18:13:00
85,59,77,69,2025-10-23T11:45:00,2025-10-23T12:13:00,1,matched,2025-10-19T11:45:00
86,25,18,97,2025-11-08T20:03:00,2025-11-08T20:30:00,2,open,2025-11-07T20:03:00
87,52,19,92,2025-11-02T19:15:00,2025-11-02T20:13:00,2,open,2025-11-01T19:15:00
88,57,81,54,2025-11-06T13:04:00,2025-11-06T13:54:00,1,open,2025-11-01T13:04:00
89,59,89,48,2025-11-11T13:20:00,2025-11-11T14:07:00,1,matched,2025-11-06T13:20:00
90,24,94,59,2025-11-22T16:44:00,2025-11-22T17:16:00,1,matched,2025-11-19T16:44:00
91,44,55,106,2025-10-26T13:17:00,2025-10-26T13:47:00,1,open,2025-10-22T13:17:00
92,29,73,63,2025-11-03T20:43:00,2025-11-03T21:41:00,1,open,2025-10-29T20:43:00
93,92,3,16,2025-10-23T13:29:00,2025-10-23T13:39:00,1,open,2025-10-18T13:29:00
94,29,84,39,2025-10-23T19:59:00,2025-10-23T20:26:00,1,matched,2025-10-21T19:59:00
95,23,48,86,2025-11-23T08:03:00,2025-11-23T08:38:00,2,open,2025-11-18T08:03:00
96,48,55,84,2025-10-18T17:06:00,2025-10-18T17:16:00,1,open,2025-10-17T17:06:00
97,47,67,88,2025-11-10T06:00:00,2025-11-10T06:54:00,1,matched,2025-11-07T06:00:00
98,29,62,10,2025-10-27T12:05:00,2025-10-27T13:01:00,1,open,2025-10-25T12:05:00
99,63,18,49,2025-11-30T19:08:00,2025-11-30T19:59:00,2,open,2025-11-26T19:08:00
100,9,79,84,2025-10-23T13:22:00,2025-10-23T14:18:00,1,matched,2025-10-22T13:22:00
101,82,79,88,2025-11-10T19:13:00,2025-11-10T19:28:00,1,open,2025-11-10T19:13:00
102,76,45,55,2025-11-02T18:08:00,2025-11-02T18:33:00,1,matched,2025-11-01T18:08:00
103,60,100,89,2025-10-14T19:54:00,2025-10-14T20:46:00,1,open,2025-10-10T19:54:00
104,102,25,96,2025-11-07T10:41:00,2025-11-07T10:54:00,1,open,2025-11-07T10:41:00
105,51,64,82,2025-11-20T07:33:00,2025-11-20T07:43:00,1,cancelled,2025-11-19T07:33:00
106,76,108,73,2025-11-08T11:34:00,2025-11-08T12:27:00,1,matched,2025-11-08T11:34:00
